Latitude(deg),Longitude(deg),(East),(North),Day,Hour,Minute,(m/s),(deg),u(m/s),v(m/s),w(m/s),"u""(m/s)","v""(m/s)","w""(m/s)",uv(m/s),uw(m/s),vw(m/s)
39.703129,-7.748782,32960.86,3942.3,9,0,0,0.92559564,272.15185547,0.86096466,-0.03235026,0.39746809,0.18821929,0.10826086,0.05597944,0.00379214,-0.01775676,-0.0010599
39.703129,-7.748782,32960.86,3942.3,9,0,5,0.78158289,277.33422852,0.70452285,-0.09067924,0.35415295,0.13547444,0.11011221,0.04951299,-0.02150817,-0.02685198,0.01639092
39.703129,-7.748782,32960.86,3942.3,9,0,10,0.86945659,279.51095581,0.79440737,-0.13309415,0.39484879,0.15067981,0.10790556,0.05573209,-0.01647614,-0.02411219,0.01812549
39.703129,-7.748782,32960.86,3942.3,9,0,15,1.0172925,267.88220215,0.94822389,0.03506466,0.42795029,0.17021862,0.13621697,0.06551928,-0.00215217,-0.02246511,0.00215637
39.703129,-7.748782,32960.86,3942.3,9,0,20,0.91384137,256.59133911,0.78520346,0.18718728,0.40622082,0.20715748,0.24565387,0.07228715,0.05718804,-0.01132733,0.00081625
39.703129,-7.748782,32960.86,3942.3,9,0,25,1.06429851,251.81352234,0.9135648,0.30012581,0.42668334,0.17040539,0.23731372,0.05875525,0.03092862,-0.00520862,0.00876908
39.703129,-7.748782,32960.86,3942.3,9,0,30,1.02131772,250.0151825,0.91346925,0.33220145,0.44470584,0.20347475,0.12136628,0.06778668,0.02193036,-0.01829355,-0.01529375
39.703129,-7.748782,32960.86,3942.3,9,0,35,1.14433897,247.50601196,1.00231564,0.41504949,0.51375943,0.2446844,0.19257523,0.08853512,0.05943225,-0.00863749,-0.01293328
39.703129,-7.748782,32960.86,3942.3,9,0,40,0.98294133,245.45550537,0.82991499,0.37899262,0.40493676,0.18775576,0.23567031,0.04925307,0.09644482,-0.01758033,-0.00032691
39.703129,-7.748782,32960.86,3942.3,9,0,45,1.1073246,260.91082764,1.00690675,0.16108501,0.45434025,0.25064388,0.21768159,0.06331515,-0.00243135,-0.00233053,0.00308643
39.703129,-7.748782,32960.86,3942.3,9,0,50,0.99707526,254.29486084,0.88429797,0.24865048,0.45995986,0.21341825,0.18244578,0.06622186,0.02180148,-0.01664117,-0.00927044
39.703129,-7.748782,32960.86,3942.3,9,0,55,0.91801041,247.54719543,0.7949453,0.32851022,0.42219761,0.14427181,0.15183254,0.06834082,0.04242864,-0.02327647,-0.01540842
39.703129,-7.748782,32960.86,3942.3,9,1,0,1.00596488,246.60107422,0.86191553,0.37296489,0.3963401,0.22699717,0.18720876,0.07249376,0.04659449,-0.01668277,-0.03132997
39.703129,-7.748782,32960.86,3942.3,9,1,5,0.82747447,244.80122375,0.68926281,0.32432452,0.38602084,0.13822609,0.19974889,0.05729098,0.06499553,-0.01801724,-0.02108976
39.703129,-7.748782,32960.86,3942.3,9,1,10,0.95322257,255.80448914,0.8583746,0.2171305,0.3980214,0.15838523,0.15507913,0.06173144,0.04316122,-0.01398864,0.0026975
39.703129,-7.748782,32960.86,3942.3,9,1,15,0.78299254,248.5206604,0.67833585,0.2669211,0.34457684,0.12041572,0.08729805,0.05305833,0.00562394,-0.01509375,-0.01455802
39.703129,-7.748782,32960.86,3942.3,9,1,20,1.04815984,238.80575562,0.82715315,0.50082821,0.38243717,0.20759544,0.2260119,0.08061852,0.06106153,-0.01525932,-0.03241839
39.703129,-7.748782,32960.86,3942.3,9,1,25,0.94771582,243.87554932,0.80635566,0.39545631,0.34709823,0.25650868,0.19197881,0.0534767,0.1298386,-0.00218243,-0.00373596
39.703129,-7.748782,32960.86,3942.3,9,1,30,0.77515304,246.64060974,0.66722697,0.28817353,0.30749866,0.17845629,0.14726552,0.03807108,0.08572742,0.01000996,-0.0036297
39.703129,-7.748782,32960.86,3942.3,9,1,35,0.91029185,247.25671387,0.77223456,0.32371843,0.30514717,0.20654966,0.13078228,0.04787065,-0.02550389,-0.01584032,-0.02224057
39.703129,-7.748782,32960.86,3942.3,9,1,40,0.83116317,234.46777344,0.64307237,0.45924497,0.23735049,0.11876671,0.06724672,0.05136299,0.02521104,0.00307877,-0.00179266
39.703129,-7.748782,32960.86,3942.3,9,1,45,0.67242736,228.37033081,0.41590285,0.36964118,0.2691105,0.11535402,0.12213995,0.05638154,-0.02654528,0.00052954,-0.03054058
39.703129,-7.748782,32960.86,3942.3,9,1,50,0.69756651,232.90736389,0.51775122,0.39146745,0.17809276,0.08633865,0.09410376,0.02591867,0.02957958,-0.00345818,-0.01396742
39.703129,-7.748782,32960.86,3942.3,9,1,55,0.47145411,247.34158325,0.4132342,0.17250729,0.22006507,0.0372088,0.02774853,0.01651233,0.01012364,-0.00565559,-0.00103742
39.703129,-7.748782,32960.86,3942.3,9,2,0,0.46765316,257.80151367,0.39267045,0.08488748,0.17587607,0.06800777,0.07109085,0.0201385,0.03139441,-0.01222007,0.00284096
39.703129,-7.748782,32960.86,3942.3,9,2,5,0.51251465,236.91984558,0.39916918,0.26001817,0.17379822,0.04243242,0.06077709,0.01619814,0.01924482,-0.00383139,-0.00339018
39.703129,-7.748782,32960.86,3942.3,9,2,10,0.30318692,226.63674927,0.19557294,0.18470666,0.14411929,0.02275635,0.02103111,0.01106659,0.00159649,-0.00014026,-0.00145132
39.703129,-7.748782,32960.86,3942.3,9,2,15,0.5699352,248.29919434,0.47819096,0.19030315,0.21449105,0.06311459,0.05347659,0.02518041,0.0042041,0.01150521,0.00713371
39.703129,-7.748782,32960.86,3942.3,9,2,20,0.49264255,301.0897522,0.28665125,-0.1728491,0.1348985,0.15398933,0.08021752,0.030978,0.01057814,0.0155691,0.02307064
39.703129,-7.748782,32960.86,3942.3,9,2,25,0.29483303,251.13252258,0.19792637,0.06763986,0.08187677,0.01950958,0.03675619,0.0135839,-0.00276378,-0.00328894,-0.00375971
39.703129,-7.748782,32960.86,3942.3,9,2,30,0.21282381,249.35765076,0.16611165,0.06257743,0.10501548,0.01256798,0.01302195,0.00632712,0.00496176,-0.00142635,0.0006859
39.703129,-7.748782,32960.86,3942.3,9,2,35,0.5082469,230.03347778,0.36249697,0.30381024,0.16048205,0.03658399,0.02949639,0.01508359,-0.00161999,-0.00313354,-0.00309718
39.703129,-7.748782,32960.86,3942.3,9,2,40,0.39228207,245.47711182,0.34037656,0.15528281,0.16463536,0.04761562,0.03956181,0.01017795,0.03305783,0.00092984,0.00181734
39.703129,-7.748782,32960.86,3942.3,9,2,45,0.52398032,230.70181274,0.34754345,0.28444263,0.11270136,0.10688298,0.08212749,0.03180465,0.03882118,-0.00178389,-0.02120588
39.703129,-7.748782,32960.86,3942.3,9,2,50,0.3692553,260.63851929,0.33318758,0.05492882,0.19234779,0.02696737,0.02381997,0.01083667,0.00408932,-0.00207474,-0.00318007
39.703129,-7.748782,32960.86,3942.3,9,2,55,0.26035109,280.73947144,0.14909591,-0.02827833,0.08510442,0.01351314,0.0424499,0.01265205,0.00869231,0.00587961,0.00531378
39.703129,-7.748782,32960.86,3942.3,9,3,0,0.24133888,227.63980103,0.15344597,0.13992004,0.09927099,0.02491933,0.0236614,0.0101736,0.0138613,0.00199503,-0.00110313
39.703129,-7.748782,32960.86,3942.3,9,3,5,0.51239324,231.69334412,0.38705045,0.30574697,0.14433178,0.03045807,0.02536695,0.01217976,0.00755384,-0.00054722,-0.00323724
39.703129,-7.748782,32960.86,3942.3,9,3,10,0.3621904,238.72949219,0.28985065,0.17602772,0.08051616,0.04055506,0.01795175,0.01126326,0.01059422,0.00321808,-0.00179903
39.703129,-7.748782,32960.86,3942.3,9,3,15,0.42894787,207.0763855,0.182218,0.35644746,0.03753109,0.02651924,0.05051497,0.02169401,0.01053155,0.00139258,-0.01581695
39.703129,-7.748782,32960.86,3942.3,9,3,20,0.39674991,228.85313416,0.25758421,0.22507635,0.08323268,0.04216283,0.06481227,0.03739929,0.02565365,-0.00746574,-0.02604438
39.703129,-7.748782,32960.86,3942.3,9,3,25,0.38750997,215.02537537,0.16464782,0.23491995,0.01953533,0.05380922,0.09570428,0.04428968,0.00335109,-0.00427923,-0.03054704
39.703129,-7.748782,32960.86,3942.3,9,3,30,0.23748018,205.26475525,0.08087149,0.17135775,0.0245793,0.00949624,0.05002617,0.02042922,0.00841137,-0.00669603,-0.02340937
39.703129,-7.748782,32960.86,3942.3,9,3,35,0.47597736,119.6940155,-0.33919108,0.1934242,-0.19714308,0.07272273,0.04334795,0.01644212,0.03134267,0.00244008,-0.00122234
39.703129,-7.748782,32960.86,3942.3,9,3,40,0.33600813,140.65538025,-0.13776243,0.16804565,-0.08663616,0.05731311,0.0467958,0.02539059,0.02132063,0.00155535,-0.01035778
39.703129,-7.748782,32960.86,3942.3,9,3,45,0.51895535,177.73414612,-0.01531082,0.38695768,-0.09269706,0.09704044,0.11309001,0.05678558,0.03374027,-0.01125682,-0.03088135
39.703129,-7.748782,32960.86,3942.3,9,3,50,0.38433036,244.04759216,0.16647732,0.08102532,0.108743,0.05790354,0.11564672,0.04872801,0.02008272,-0.0004221,-0.02600583
39.703129,-7.748782,32960.86,3942.3,9,3,55,0.35837454,301.23144531,0.17537697,-0.10634369,0.08860075,0.06955587,0.06050645,0.02737762,0.04014473,-0.00170352,-0.00203785
39.703129,-7.748782,32960.86,3942.3,9,4,0,0.42149848,235.91673279,0.20886801,0.14132532,0.09174061,0.10756232,0.09518787,0.07661644,0.01657874,0.00590811,-0.02138779
39.703129,-7.748782,32960.86,3942.3,9,4,5,0.54116648,241.59941101,0.36080724,0.19509254,0.10199706,0.12640674,0.11914029,0.07233892,0.04034769,-0.02762661,-0.02341601
39.703129,-7.748782,32960.86,3942.3,9,4,10,0.35875252,256.84735107,0.26741657,0.06248884,0.14253414,0.07745746,0.03947535,0.02889469,0.01570933,-0.0010617,-0.00406593
39.703129,-7.748782,32960.86,3942.3,9,4,15,0.27747148,157.15309143,-0.07637996,0.18128514,-0.10082487,0.03078503,0.0404861,0.02558035,0.01126533,-0.00390161,-0.01614393
39.703129,-7.748782,32960.86,3942.3,9,4,20,0.25143394,224.92721558,0.06142053,0.06157677,-0.00577423,0.02834386,0.05855724,0.02227294,-0.00757481,-0.00253114,-0.01311872
39.703129,-7.748782,32960.86,3942.3,9,4,25,0.57391304,174.22848511,-0.04251871,0.42066941,-0.00602246,0.14536726,0.15338632,0.10508985,-0.00514424,0.00339653,-0.07447247
39.703129,-7.748782,32960.86,3942.3,9,4,30,0.68657565,220.73336792,0.35770103,0.41537622,0.15319245,0.21855383,0.2139952,0.15476599,0.02510258,-0.00668573,-0.10936281
39.703129,-7.748782,32960.86,3942.3,9,4,35,0.67485148,223.90711975,0.41301361,0.42907783,0.15565488,0.20962623,0.21725705,0.15284705,0.09784991,-0.01668649,-0.08928678
39.703129,-7.748782,32960.86,3942.3,9,4,40,0.72433698,189.7869873,0.09839099,0.57039565,-0.03195554,0.16649888,0.29148918,0.15028301,0.01001712,0.02001434,-0.10508511
39.703129,-7.748782,32960.86,3942.3,9,4,45,0.63428509,230.36701965,0.19422422,0.16086462,0.17522962,0.24243043,0.21425085,0.13235299,0.0208725,0.02765533,-0.05623827
39.703129,-7.748782,32960.86,3942.3,9,4,51,0.93388712,285.89761353,0.64187258,-0.18281338,0.2884886,0.29145736,0.48865426,0.11013504,0.08264633,0.00031356,0.02503525
39.703129,-7.748782,32960.86,3942.3,9,4,56,0.74113697,245.75973511,0.54980135,0.24755503,0.25075993,0.15281624,0.22821584,0.03350189,0.09099962,-0.01013525,-0.00994578
39.703129,-7.748782,32960.86,3942.3,9,5,1,1.08317518,236.76516724,0.84632349,0.55455381,0.23697318,0.22277522,0.27427691,0.05899351,0.11888061,-0.00690769,-0.03217717
39.703129,-7.748782,32960.86,3942.3,9,5,6,0.70395172,247.39202881,0.59623927,0.2482878,0.20734788,0.13311461,0.11487177,0.0456041,0.05979883,-0.02008935,-0.0082243
39.703129,-7.748782,32960.86,3942.3,9,5,11,0.533638,240.39176941,0.41445696,0.23552312,0.09183233,0.06024963,0.06163224,0.03103895,-0.00105207,0.00755531,-0.02925629
39.703129,-7.748782,32960.86,3942.3,9,5,16,0.43694001,227.71459961,0.24761252,0.22519469,0.01439167,0.066282,0.05789798,0.02419709,-0.00426515,0.00306765,-0.0053083
39.703129,-7.748782,32960.86,3942.3,9,5,21,0.42809987,255.87527466,0.32095262,0.08076496,0.08408178,0.08589898,0.06318561,0.04882202,0.00968692,-0.00326457,-0.02753353
39.703129,-7.748782,32960.86,3942.3,9,5,26,0.38589218,208.88247681,0.10836378,0.1964426,0.00968976,0.05633453,0.11976682,0.07187624,-0.00254818,-0.00579619,-0.0517838
39.703129,-7.748782,32960.86,3942.3,9,5,31,0.52201825,201.83087158,0.11370008,0.2838268,-0.01473878,0.12713777,0.21720001,0.13420385,0.0059047,0.02063537,-0.08370401
39.703129,-7.748782,32960.86,3942.3,9,5,36,0.66217583,217.29179382,0.28831759,0.37858346,0.039469,0.24199712,0.11715119,0.09805745,0.01105985,0.0170024,-0.03914099
39.703129,-7.748782,32960.86,3942.3,9,5,41,0.64004838,192.19018555,0.08245803,0.38170028,-0.03016166,0.1684787,0.33300617,0.11483305,0.05849675,-0.00112128,-0.08249428
39.703129,-7.748782,32960.86,3942.3,9,5,46,0.44830284,219.67347717,0.15754203,0.18993913,0.07282057,0.10973471,0.09848003,0.05787934,-0.01663933,-0.00483388,-0.02979912
39.703129,-7.748782,32960.86,3942.3,9,5,51,0.5623427,233.50917053,0.29944438,0.22150302,0.01840118,0.14699142,0.12306207,0.08327975,0.00830895,-0.01166719,-0.0368994
39.703129,-7.748782,32960.86,3942.3,9,5,56,0.7835173,216.69616699,0.36825475,0.49412057,0.06910501,0.1660473,0.24215643,0.15751216,0.00684102,0.00332656,-0.10323233
39.703129,-7.748782,32960.86,3942.3,9,6,1,0.54567873,204.39277649,0.14999849,0.33078068,0.01958926,0.12142576,0.20425081,0.09208352,0.00410643,0.0029761,-0.04590944
39.703129,-7.748782,32960.86,3942.3,9,6,6,0.59931308,231.06570435,0.33515698,0.27076891,0.12338064,0.14523922,0.20987606,0.10306863,0.07066306,0.00569786,-0.04442698
39.703129,-7.748782,32960.86,3942.3,9,6,11,0.47504199,238.11312866,0.29279822,0.18215771,0.15920924,0.08678331,0.10083801,0.04993179,0.01947025,0.01977547,-0.01928629
39.703129,-7.748782,32960.86,3942.3,9,6,16,0.7727316,199.86116028,0.1851296,0.51250005,0.01813817,0.26769164,0.24009158,0.14407787,-0.05577023,0.03794112,-0.08652606
39.703129,-7.748782,32960.86,3942.3,9,6,21,0.87539035,230.18992615,0.55684578,0.46411243,0.15380414,0.30294099,0.2628758,0.14291768,0.02671162,0.00634833,-0.08450785
39.703129,-7.748782,32960.86,3942.3,9,6,26,0.83913362,251.47816467,0.66406721,0.22247522,0.35113117,0.26986545,0.15667434,0.1142041,-0.02894325,0.00427604,-0.06660334
39.703129,-7.748782,32960.86,3942.3,9,6,31,0.90945166,250.46647644,0.64905638,0.2302703,0.24952421,0.35112759,0.47889692,0.11424433,0.11931431,-0.05609936,-0.11235789
39.703129,-7.748782,32960.86,3942.3,9,6,36,0.89659792,242.15364075,0.65660405,0.34686735,0.30645663,0.23550583,0.23234832,0.08258039,0.02718113,-0.00838729,-0.05031137
39.703129,-7.748782,32960.86,3942.3,9,6,41,1.18058598,228.62002563,0.78412688,0.69081378,0.29897803,0.44843969,0.39829567,0.21044952,0.13840798,-0.03508593,-0.132245
39.703129,-7.748782,32960.86,3942.3,9,6,46,0.99571753,228.06712341,0.60876232,0.54684192,0.2909984,0.39480793,0.36505622,0.22161929,0.07085019,-0.0266004,-0.14938797
39.703129,-7.748782,32960.86,3942.3,9,6,51,1.0429045,242.49214172,0.82734621,0.43083343,0.29561707,0.38391235,0.38377443,0.12855724,0.21726525,-0.05207705,-0.07776996
39.703129,-7.748782,32960.86,3942.3,9,6,56,1.10888708,227.07745361,0.68864501,0.64043373,0.2137814,0.43135169,0.67220867,0.27277383,0.12431961,-0.09070604,-0.21426319
39.703129,-7.748782,32960.86,3942.3,9,7,1,1.11425924,240.61128235,0.8594957,0.48407802,0.38705453,0.35973719,0.37619326,0.18300503,0.12901384,-0.03869325,-0.10942071
39.703129,-7.748782,32960.86,3942.3,9,7,6,0.87970847,240.73193359,0.63074404,0.35349497,0.33902648,0.39299944,0.29204947,0.11173669,0.09954244,-0.03682533,-0.06932852
39.703129,-7.748782,32960.86,3942.3,9,7,11,0.78657597,245.456604,0.6155026,0.28106397,0.28679141,0.20512736,0.17821193,0.08423353,0.06145459,-0.0315835,-0.06536366
39.703129,-7.748782,32960.86,3942.3,9,7,16,0.80318546,244.39230347,0.66606891,0.31923681,0.25837821,0.27360508,0.16805577,0.06312358,0.09178676,-0.02637317,-0.01548891
39.703129,-7.748782,32960.86,3942.3,9,7,21,0.68517244,246.38085938,0.5488627,0.24001057,0.25249588,0.13984819,0.12295734,0.06273756,0.0335458,-0.01476804,-0.03556138
39.703129,-7.748782,32960.86,3942.3,9,7,26,0.89590901,227.39836121,0.52657074,0.48423445,0.22139269,0.33674353,0.40526587,0.24091606,0.0931105,-0.03209966,-0.1062013
39.703129,-7.748782,32960.86,3942.3,9,7,31,0.8328436,234.36599731,0.5621742,0.40298203,0.21294123,0.17894877,0.35532972,0.11113691,0.02110071,-0.02244746,-0.11470865
39.703129,-7.748782,32960.86,3942.3,9,7,36,0.81573403,229.94174194,0.474121,0.39865705,0.19619727,0.26352859,0.31882918,0.1517332,0.05932404,-0.01829045,-0.10488934
39.703129,-7.748782,32960.86,3942.3,9,7,41,0.96723115,250.86433411,0.80887234,0.28066117,0.25708514,0.27242526,0.19365416,0.07805572,0.06043163,-0.03602568,-0.0306289
39.703129,-7.748782,32960.86,3942.3,9,7,46,0.95055914,252.97161865,0.74613994,0.22852217,0.34330875,0.42290115,0.39866823,0.1201273,0.18882611,-0.0781867,-0.0773695
39.703129,-7.748782,32960.86,3942.3,9,7,51,0.86937094,249.55114746,0.59582484,0.22216372,0.27698451,0.2965062,0.40456155,0.1794707,0.08923373,-0.05517717,-0.10927185
39.703129,-7.748782,32960.86,3942.3,9,7,56,1.11223555,218.40354919,0.57137394,0.72080278,0.24879915,0.40360662,0.71545374,0.30246669,0.16573569,-0.10215887,-0.28247476
39.703129,-7.748782,32960.86,3942.3,9,8,1,1.01567721,214.01544189,0.46177635,0.68421376,0.16428736,0.34876922,0.66477466,0.28609267,0.06924833,-0.01640789,-0.26590237
39.703129,-7.748782,32960.86,3942.3,9,8,6,1.16769814,248.06272888,0.94679314,0.38132402,0.43746582,0.40099585,0.35653162,0.21458489,0.08647577,-0.05258228,-0.06042383
39.703129,-7.748782,32960.86,3942.3,9,8,11,1.09501326,253.03401184,0.91180217,0.27817407,0.46719688,0.34768254,0.41872558,0.14182009,0.07774821,-0.0449715,-0.10637695
39.703129,-7.748782,32960.86,3942.3,9,8,16,0.94943649,236.05030823,0.62978798,0.4239932,0.27311027,0.27028695,0.47538441,0.17097993,0.13606797,-0.04176633,-0.1464964
39.703129,-7.748782,32960.86,3942.3,9,8,21,0.87364513,234.98039246,0.60674798,0.4251591,0.28889239,0.26666117,0.28865418,0.15111937,0.12509787,-0.03242987,-0.08967934
39.703129,-7.748782,32960.86,3942.3,9,8,26,1.00761497,234.09979248,0.67491889,0.48856363,0.23214762,0.34623414,0.38678622,0.19175737,0.06607728,-0.02199038,-0.12327281
39.703129,-7.748782,32960.86,3942.3,9,8,31,1.35661566,238.15890503,0.9483003,0.58891326,0.41074297,0.6212672,0.65076715,0.35567564,0.10475456,-0.08175609,-0.22903401
39.703129,-7.748782,32960.86,3942.3,9,8,36,1.49461234,219.23187256,0.79832548,0.97773296,0.25985846,0.66218764,0.95497584,0.42972168,0.1776939,-0.0914944,-0.37540531
39.703129,-7.748782,32960.86,3942.3,9,8,41,1.42085159,237.6159668,1.03780746,0.65820712,0.37236631,0.61281568,0.70053053,0.29755041,0.19739155,-0.01913902,-0.1450379
39.703129,-7.748782,32960.86,3942.3,9,8,46,1.15672362,244.39611816,0.92409527,0.44282928,0.43894207,0.43234113,0.35900244,0.17548709,0.11590772,-0.04708591,-0.08806334
39.703129,-7.748782,32960.86,3942.3,9,8,51,1.34943891,242.00009155,1.05745912,0.56225866,0.28416497,0.53066754,0.58935302,0.28563753,0.20910162,-0.08982436,-0.1861805
39.703129,-7.748782,32960.86,3942.3,9,8,56,1.32312548,229.40316772,0.82751048,0.70918292,0.27626014,0.55222344,0.73322779,0.38266391,0.16758494,-0.06633347,-0.21402636
39.703129,-7.748782,32960.86,3942.3,9,9,1,1.44755244,220.88650513,0.74156046,0.85648829,0.21947888,0.83280212,0.8054558,0.41681755,0.12875642,-0.04950512,-0.23451325
39.703129,-7.748782,32960.86,3942.3,9,9,6,1.46557331,231.32658386,0.9653551,0.77266026,0.35597262,0.59244442,0.65024662,0.44040814,0.0185645,-0.03771582,-0.30262625
39.703129,-7.748782,32960.86,3942.3,9,9,11,0.94526404,238.51409912,0.62785828,0.38453946,0.26418751,0.32003796,0.33303854,0.15896893,-0.02625558,0.00604985,-0.11700338
39.703129,-7.748782,32960.86,3942.3,9,9,16,1.54653978,259.04412842,1.39035487,0.26914617,0.699503,0.56672126,0.45968583,0.23161684,0.09973049,-0.05444753,-0.045373
39.703129,-7.748782,32960.86,3942.3,9,9,21,1.47513843,239.73832703,1.04928803,0.61221331,0.56317753,0.93347627,0.91453749,0.54611623,0.1114642,0.01844018,-0.23642652
39.703129,-7.748782,32960.86,3942.3,9,9,26,1.89217532,236.81892395,1.3301239,0.86978126,0.36162481,1.53462124,1.18041134,0.51024044,0.622962,-0.05224584,-0.2667574
39.703129,-7.748782,32960.86,3942.3,9,9,31,1.42830372,237.31019592,1.03946793,0.6670655,0.42289093,0.75226808,0.56478262,0.34302351,0.13259438,-0.01370726,-0.16530661
39.703129,-7.748782,32960.86,3942.3,9,9,37,1.47969317,239.0609436,1.03588927,0.62092662,0.42265013,0.68752331,0.89811873,0.40980846,0.14139362,-0.11614355,-0.37513697
39.703129,-7.748782,32960.86,3942.3,9,9,42,1.56069326,245.87322998,1.14458752,0.51264083,0.45568708,0.84046,1.03510559,0.32698336,0.14610626,0.01865688,-0.2627925
39.703129,-7.748782,32960.86,3942.3,9,9,47,1.48651731,228.45394897,0.97471762,0.86375517,0.4110212,0.66713935,0.64352101,0.42360744,0.20205885,-0.06221733,-0.25000164
39.703129,-7.748782,32960.86,3942.3,9,9,52,1.30513263,229.10565186,0.84493399,0.73175889,0.29642949,0.39955437,0.51347685,0.24553166,0.0885622,-0.04611405,-0.18926468
39.703129,-7.748782,32960.86,3942.3,9,9,57,1.38197207,239.67340088,1.07719207,0.6301313,0.39437804,0.40702826,0.4536759,0.21700655,0.12756658,-0.05100708,-0.08227642
39.703129,-7.748782,32960.86,3942.3,9,10,2,1.53828454,221.35472107,0.76329273,0.86716628,0.35383114,0.93459398,1.17470908,0.49728969,0.32415998,-0.03371724,-0.32518584
39.703129,-7.748782,32960.86,3942.3,9,10,7,1.17986798,253.45845032,0.91215366,0.27091175,0.4726024,0.55428451,0.52201247,0.26834899,0.06788094,0.03589272,-0.13627295
39.703129,-7.748782,32960.86,3942.3,9,10,12,1.42551339,250.98730469,1.18828642,0.40945449,0.52541476,0.54089391,0.58907312,0.19828425,0.14218616,-0.04342991,-0.12481758
39.703129,-7.748782,32960.86,3942.3,9,10,17,1.32253611,235.43130493,0.82045197,0.56533068,0.34650123,0.93216473,0.90336305,0.50661558,0.34344032,-0.06059887,-0.31371152
39.703129,-7.748782,32960.86,3942.3,9,10,22,1.22815108,212.58813477,0.4353694,0.68107885,0.17559376,0.64889103,1.09524274,0.52949929,0.22503518,-0.02280617,-0.34355822
39.703129,-7.748782,32960.86,3942.3,9,10,27,1.54367518,228.04125977,0.87016684,0.782368,0.30681136,1.09585261,1.10943425,0.62441754,0.29130024,0.00834912,-0.31232265
39.703129,-7.748782,32960.86,3942.3,9,10,32,1.40748405,234.68269348,0.96290743,0.68221331,0.2932266,0.54049391,0.69750023,0.28902003,0.14863151,-0.05091871,-0.20222446
39.703129,-7.748782,32960.86,3942.3,9,10,37,1.06133878,255.85327148,0.93916041,0.23671526,0.49513096,0.41408935,0.18735144,0.09214616,0.0029876,0.02600429,-0.03511711
39.703129,-7.748782,32960.86,3942.3,9,10,42,0.96709502,256.73126221,0.78505409,0.18512692,0.46084833,0.50872314,0.2220365,0.1302976,0.06184798,0.05512351,-0.01390811
39.703129,-7.748782,32960.86,3942.3,9,10,47,1.21157908,212.04995728,0.43638337,0.69700634,0.20504652,0.72975087,0.82627171,0.39471415,0.11992513,0.03609077,-0.27344778
39.703129,-7.748782,32960.86,3942.3,9,10,52,0.90085131,255.67562866,0.67924577,0.17344527,0.22970204,0.44306284,0.26663309,0.15341763,0.0805281,-0.01446559,-0.07839137
39.703129,-7.748782,32960.86,3942.3,9,10,57,1.01755571,238.3044281,0.45053875,0.27821031,0.34422129,0.75912416,0.58899409,0.28360862,0.10490445,0.08634657,-0.1592751
39.703129,-7.748782,32960.86,3942.3,9,11,2,1.3316195,222.60437012,0.71157205,0.77371025,0.18905917,0.43939531,0.92731601,0.29694435,0.1262639,-0.00760575,-0.27871519
39.703129,-7.748782,32960.86,3942.3,9,11,7,1.01591444,241.490448,0.75834322,0.41191053,0.29415491,0.37155047,0.49063033,0.21609727,0.14734282,-0.04682863,-0.14001259
39.703129,-7.748782,32960.86,3942.3,9,11,12,1.49017262,235.66009521,1.02963853,0.70342326,0.39870745,0.69502443,0.82130021,0.42289826,0.15505095,0.0065528,-0.28032801
39.703129,-7.748782,32960.86,3942.3,9,11,17,1.12691879,254.01327515,0.90112877,0.25816861,0.30766606,0.47370046,0.44763863,0.19502802,0.12032407,-0.07451022,-0.11045219
39.703129,-7.748782,32960.86,3942.3,9,11,22,0.70800471,246.81483459,0.49718252,0.21294032,0.15353228,0.2587997,0.24617694,0.11622563,0.07178058,-0.04108328,-0.03919731
39.703129,-7.748782,32960.86,3942.3,9,11,27,0.87728274,240.84495544,0.65882027,0.36752418,0.07132868,0.33424696,0.2777586,0.10958571,0.17969501,-0.05265285,-0.07173166
39.703129,-7.748782,32960.86,3942.3,9,11,32,0.89757967,234.9940033,0.4700436,0.32920137,0.20040309,0.40525499,0.45786241,0.18879238,0.09744629,-0.00212171,-0.12836789
39.703129,-7.748782,32960.86,3942.3,9,11,37,0.74466586,229.7931366,0.40887588,0.34561083,0.0298579,0.33933342,0.22855607,0.10854225,0.07643065,-0.01555937,-0.05472385
39.703129,-7.748782,32960.86,3942.3,9,11,42,0.59121317,245.44371033,0.37742099,0.17244864,0.06876267,0.23178542,0.13958213,0.0873955,0.07709542,-0.00486339,-0.05009951
39.703129,-7.748782,32960.86,3942.3,9,11,47,0.52549148,260.95611572,0.43532735,0.06929088,0.198992,0.09874601,0.07490639,0.05114802,0.02617977,0.00050061,0.00989024
39.703129,-7.748782,32960.86,3942.3,9,11,52,0.40198484,266.19494629,0.30471125,0.02026583,0.19062172,0.09362374,0.05541556,0.02520549,0.0254247,0.01899716,0.00970122
39.703129,-7.748782,32960.86,3942.3,9,11,57,0.54869616,178.51728821,-0.00996583,0.38501772,-0.20260307,0.17787336,0.13322172,0.06586508,0.02945342,0.01885816,-0.03753772
39.703129,-7.748782,32960.86,3942.3,9,12,2,0.58029771,203.43838501,0.14053039,0.32415056,-0.03085056,0.21433909,0.14957002,0.14206867,0.03056882,-0.02307207,-0.06422278
39.703129,-7.748782,32960.86,3942.3,9,12,7,0.73228145,247.27128601,0.43510124,0.18226305,0.1732679,0.19233708,0.32619551,0.13514642,0.07661466,-0.03995739,-0.11370244
39.703129,-7.748782,32960.86,3942.3,9,12,12,0.79363984,232.42486572,0.41528976,0.31952915,0.20823425,0.36506161,0.2902903,0.1610202,0.043378,-0.03372546,-0.08502776
39.703129,-7.748782,32960.86,3942.3,9,12,17,0.86439902,236.21287537,0.60882694,0.40737611,0.21952748,0.38187015,0.19509433,0.08617723,0.13101348,0.00758715,-0.02848933
39.703129,-7.748782,32960.86,3942.3,9,12,22,0.56940448,256.01864624,0.48662186,0.12116021,0.24378009,0.12234131,0.094975,0.05620072,0.03257959,0.00013497,-0.00597517
39.703129,-7.748782,32960.86,3942.3,9,12,27,0.69365716,259.36016846,0.59740043,0.11223042,0.25989652,0.12402468,0.11922972,0.05438688,0.01968553,-0.01887667,-0.00132074
39.703129,-7.748782,32960.86,3942.3,9,12,32,0.73736405,248.28431702,0.64698786,0.25767282,0.28778675,0.10812563,0.08037292,0.02516765,0.05238693,0.0039969,0.00548024
39.703129,-7.748782,32960.86,3942.3,9,12,37,0.62081224,262.7555542,0.57307518,0.07284778,0.32841966,0.05986316,0.06218486,0.03047589,0.00421921,-0.00513163,0.00228511
39.703129,-7.748782,32960.86,3942.3,9,12,42,1.18822753,254.75268555,1.01287568,0.27609068,0.43705738,0.39802217,0.30950949,0.09835916,0.10156456,-0.00643807,-0.00441369
39.703129,-7.748782,32960.86,3942.3,9,12,47,1.07282686,235.47019958,0.77875245,0.53581834,0.42993358,0.40987661,0.39828479,0.12569518,0.08384081,-0.01897177,-0.09250363
39.703129,-7.748782,32960.86,3942.3,9,12,52,1.11728942,238.07792664,0.85645479,0.53355408,0.4257578,0.32224083,0.31094727,0.11237869,0.11617818,-0.0233917,-0.0429341
39.703129,-7.748782,32960.86,3942.3,9,12,57,0.98007274,230.20620728,0.67156327,0.55940205,0.29658383,0.29050106,0.23043251,0.10364196,0.09140766,0.01942011,-0.02887653
39.703129,-7.748782,32960.86,3942.3,9,13,2,0.86851138,226.45115662,0.4744367,0.45099297,0.33757031,0.45797309,0.27735344,0.11600876,0.1104423,-0.07009625,-0.057303
39.703129,-7.748782,32960.86,3942.3,9,13,7,1.00513494,268.15005493,0.8719964,0.02816444,-0.07177288,0.22862072,0.19001827,0.08152635,-0.01776325,-0.03774912,-0.0207088
39.703129,-7.748782,32960.86,3942.3,9,13,12,0.76134127,278.92376709,0.6914103,-0.10856596,-0.06546953,0.09365283,0.08204782,0.04399592,-0.0267167,-0.01913417,0.00896151
39.703129,-7.748782,32960.86,3942.3,9,13,17,0.99524891,308.90600586,0.760288,-0.61360645,-0.19078678,0.06980133,0.03635179,0.03746505,-0.02100572,-0.01489978,0.02734759
39.703129,-7.748782,32960.86,3942.3,9,13,22,0.21163231,54.44538498,-0.05930786,-0.04238924,0.19262247,0.02020446,0.04129018,0.00925245,-0.00922559,0.00343711,-0.01072283
39.703129,-7.748782,32960.86,3942.3,9,13,27,0.2853663,315.19348145,0.11453121,-0.1153073,-0.16286093,0.10927007,0.01466819,0.0631998,-0.00396403,-0.00175682,-0.01034246
39.703129,-7.748782,32960.86,3942.3,9,13,32,0.48144552,359.96261597,0.00007164,-0.10980552,-0.27655742,0.10628225,0.17263168,0.04331344,-0.02466735,0.01584239,0.00357799
39.703129,-7.748782,32960.86,3942.3,9,13,37,0.87986189,170.98370361,-0.07162545,0.45139426,-0.11830787,0.4595806,0.1697364,0.04166836,0.23649275,0.02930184,0.01485559
39.703129,-7.748782,32960.86,3942.3,9,13,42,NaN,NaN,NaN,NaN,NaN,NaN,NaN,NaN,NaN,NaN,NaN
39.703129,-7.748782,32960.86,3942.3,9,13,47,NaN,NaN,NaN,NaN,NaN,NaN,NaN,NaN,NaN,NaN,NaN
39.703129,-7.748782,32960.86,3942.3,9,13,52,0.77516228,120.77618408,-0.44121107,0.26276606,-0.07762445,0.35083708,0.09399598,0.09336068,-0.06319887,-0.0297354,0.01460272
39.703129,-7.748782,32960.86,3942.3,9,13,57,0.98083842,121.50064087,-0.74232686,0.45490995,-0.15232752,0.13700543,0.23186597,0.25102788,0.05003345,-0.06843091,-0.06117195
39.703129,-7.748782,32960.86,3942.3,9,14,2,1.34491146,193.9936676,0.3000392,1.2039578,0.21138968,0.24384859,0.54843611,0.26502949,0.2423014,0.01101895,-0.20404007
39.703129,-7.748782,32960.86,3942.3,9,14,7,NaN,NaN,NaN,NaN,NaN,NaN,NaN,NaN,NaN,NaN,NaN
39.703129,-7.748782,32960.86,3942.3,9,14,12,NaN,NaN,NaN,NaN,NaN,NaN,NaN,NaN,NaN,NaN,NaN
39.703129,-7.748782,32960.86,3942.3,9,14,17,0.72606337,170.24214172,-0.09463381,0.55028409,0.04541017,0.10778479,0.17180648,0.11545215,-0.11843715,0.02117671,-0.08933222
39.703129,-7.748782,32960.86,3942.3,9,14,22,0.56773853,280.81594849,0.40797061,-0.07794224,0.36743337,0.10602657,0.09834244,0.02470778,0.0213557,0.03006445,-0.02165176
39.703129,-7.748782,32960.86,3942.3,9,14,28,1.20021129,222.46673584,0.68659514,0.75016123,0.23934947,0.36125612,0.32677123,0.71373761,-0.03216543,0.07614756,-0.24203971
39.703129,-7.748782,32960.86,3942.3,9,14,33,0.90086961,249.68540955,0.76571214,0.28346714,0.48714411,0.23713036,0.14310032,0.14957441,-0.00771132,-0.06953289,0.00903115
39.703129,-7.748782,32960.86,3942.3,9,14,38,1.24008334,251.62388611,1.08462703,0.36030534,0.51100683,0.2749452,0.31532341,0.163589,0.09302985,-0.03013545,-0.08142811
39.703129,-7.748782,32960.86,3942.3,9,14,43,1.39855719,251.30479431,1.15516388,0.39089376,0.71339995,0.29899895,0.41907594,0.16707341,-0.07477897,-0.01473768,-0.04780558
39.703129,-7.748782,32960.86,3942.3,9,14,48,1.65025699,272.38619995,1.55262327,-0.06469973,0.77913362,0.14474218,0.31385043,0.09454753,-0.0335259,-0.05660196,-0.09422537
39.703129,-7.748782,32960.86,3942.3,9,14,53,NaN,NaN,NaN,NaN,NaN,NaN,NaN,NaN,NaN,NaN,NaN
39.703129,-7.748782,32960.86,3942.3,9,14,58,NaN,NaN,NaN,NaN,NaN,NaN,NaN,NaN,NaN,NaN,NaN
39.703129,-7.748782,32960.86,3942.3,9,15,3,1.42050314,289.08151245,1.17863178,-0.40771201,0.88736337,0.43707982,0.38881618,0.20936379,0.04942493,-0.11122397,0.01221505
39.703129,-7.748782,32960.86,3942.3,9,15,8,1.6447562,269.65948486,1.54213691,0.00916509,0.85835671,0.40993708,0.33676904,0.20309736,-0.03755675,-0.05555257,-0.01305522
39.703129,-7.748782,32960.86,3942.3,9,15,13,NaN,NaN,NaN,NaN,NaN,NaN,NaN,NaN,NaN,NaN,NaN
39.703129,-7.748782,32960.86,3942.3,9,15,18,NaN,NaN,NaN,NaN,NaN,NaN,NaN,NaN,NaN,NaN,NaN
39.703129,-7.748782,32960.86,3942.3,9,15,23,NaN,NaN,NaN,NaN,NaN,NaN,NaN,NaN,NaN,NaN,NaN
39.703129,-7.748782,32960.86,3942.3,9,15,28,NaN,NaN,NaN,NaN,NaN,NaN,NaN,NaN,NaN,NaN,NaN
39.703129,-7.748782,32960.86,3942.3,9,15,33,NaN,NaN,NaN,NaN,NaN,NaN,NaN,NaN,NaN,NaN,NaN
39.703129,-7.748782,32960.86,3942.3,9,15,38,NaN,NaN,NaN,NaN,NaN,NaN,NaN,NaN,NaN,NaN,NaN
39.703129,-7.748782,32960.86,3942.3,9,15,43,NaN,NaN,NaN,NaN,NaN,NaN,NaN,NaN,NaN,NaN,NaN
39.703129,-7.748782,32960.86,3942.3,9,15,48,NaN,NaN,NaN,NaN,NaN,NaN,NaN,NaN,NaN,NaN,NaN
39.703129,-7.748782,32960.86,3942.3,9,15,53,1.27797544,272.75595093,1.16501939,-0.05608118,0.60720682,0.47445703,0.23722529,0.15802883,-0.00030058,-0.00925718,0.02002374
39.703129,-7.748782,32960.86,3942.3,9,15,58,1.06147361,242.80996704,0.89741719,0.46101242,0.46350458,0.15177189,0.17640655,0.05977442,0.07454634,-0.02402659,-0.0086965
39.703129,-7.748782,32960.86,3942.3,9,16,3,0.83279425,270.5369873,0.79678082,-0.00746775,0.44399577,0.12132236,0.06558119,0.04523975,0.0103798,-0.00711158,0.00302047
39.703129,-7.748782,32960.86,3942.3,9,16,8,1.14329946,258.51071167,1.06223083,0.21590658,0.47491995,0.21689616,0.14323112,0.09984133,0.01159262,-0.02047857,0.00824207
39.703129,-7.748782,32960.86,3942.3,9,16,13,1.10507727,282.11526489,1.03635645,-0.22246452,0.40475735,0.13429606,0.05420873,0.05614544,0.02688792,-0.02371168,-0.00711871
39.703129,-7.748782,32960.86,3942.3,9,16,18,NaN,NaN,NaN,NaN,NaN,NaN,NaN,NaN,NaN,NaN,NaN
39.703129,-7.748782,32960.86,3942.3,9,16,23,NaN,NaN,NaN,NaN,NaN,NaN,NaN,NaN,NaN,NaN,NaN
39.703129,-7.748782,32960.86,3942.3,9,16,28,NaN,NaN,NaN,NaN,NaN,NaN,NaN,NaN,NaN,NaN,NaN
39.703129,-7.748782,32960.86,3942.3,9,16,33,0.93504143,245.32701111,0.79880667,0.36695379,0.43951434,0.15339661,0.11075861,0.05370146,0.01765851,-0.01898444,-0.02173459
39.703129,-7.748782,32960.86,3942.3,9,16,38,0.89828116,243.27967834,0.76068622,0.38292348,0.30536973,0.12206806,0.12075728,0.04921428,0.04899237,-0.02400954,-0.02347095
39.703129,-7.748782,32960.86,3942.3,9,16,43,0.91154969,263.63656616,0.84204894,0.09390699,0.31279171,0.13011806,0.11790296,0.06012824,-0.00449824,-0.02130707,-0.01271399
39.703129,-7.748782,32960.86,3942.3,9,16,48,0.75871521,263.14331055,0.70177132,0.08438537,0.40492973,0.07858855,0.07965714,0.03426305,-0.0147894,-0.00706509,0.00316272
39.703129,-7.748782,32960.86,3942.3,9,16,53,0.82078093,255.39317322,0.74627817,0.1944858,0.42307162,0.08711767,0.09026628,0.05157036,-0.00484185,-0.0043612,-0.01215706
39.703129,-7.748782,32960.86,3942.3,9,16,58,0.77413648,239.25816345,0.56257337,0.33458737,0.52623701,0.13167371,0.18133287,0.09526485,0.03179928,0.00904949,-0.02333988
39.703129,-7.748782,32960.86,3942.3,9,17,3,1.10825396,258.3637085,1.00985193,0.2079597,0.52169502,0.20185146,0.18252775,0.08627883,-0.01070975,-0.02690701,-0.01767227
39.703129,-7.748782,32960.86,3942.3,9,17,8,1.38616025,228.41551208,0.94007599,0.83418339,0.42001104,0.71857393,0.60075563,0.20135997,0.22089867,-0.03302803,-0.16350277
39.703129,-7.748782,32960.86,3942.3,9,17,13,NaN,NaN,NaN,NaN,NaN,NaN,NaN,NaN,NaN,NaN,NaN
39.703129,-7.748782,32960.86,3942.3,9,17,18,NaN,NaN,NaN,NaN,NaN,NaN,NaN,NaN,NaN,NaN,NaN
39.703129,-7.748782,32960.86,3942.3,9,17,23,NaN,NaN,NaN,NaN,NaN,NaN,NaN,NaN,NaN,NaN,NaN
39.703129,-7.748782,32960.86,3942.3,9,17,28,NaN,NaN,NaN,NaN,NaN,NaN,NaN,NaN,NaN,NaN,NaN
39.703129,-7.748782,32960.86,3942.3,9,17,33,NaN,NaN,NaN,NaN,NaN,NaN,NaN,NaN,NaN,NaN,NaN
39.703129,-7.748782,32960.86,3942.3,9,17,38,NaN,NaN,NaN,NaN,NaN,NaN,NaN,NaN,NaN,NaN,NaN
39.703129,-7.748782,32960.86,3942.3,9,17,43,NaN,NaN,NaN,NaN,NaN,NaN,NaN,NaN,NaN,NaN,NaN
39.703129,-7.748782,32960.86,3942.3,9,17,48,NaN,NaN,NaN,NaN,NaN,NaN,NaN,NaN,NaN,NaN,NaN
39.703129,-7.748782,32960.86,3942.3,9,17,53,NaN,NaN,NaN,NaN,NaN,NaN,NaN,NaN,NaN,NaN,NaN
39.703129,-7.748782,32960.86,3942.3,9,17,58,NaN,NaN,NaN,NaN,NaN,NaN,NaN,NaN,NaN,NaN,NaN
39.703129,-7.748782,32960.86,3942.3,9,18,3,NaN,NaN,NaN,NaN,NaN,NaN,NaN,NaN,NaN,NaN,NaN
39.703129,-7.748782,32960.86,3942.3,9,18,8,NaN,NaN,NaN,NaN,NaN,NaN,NaN,NaN,NaN,NaN,NaN
39.703129,-7.748782,32960.86,3942.3,9,18,13,NaN,NaN,NaN,NaN,NaN,NaN,NaN,NaN,NaN,NaN,NaN
39.703129,-7.748782,32960.86,3942.3,9,18,18,NaN,NaN,NaN,NaN,NaN,NaN,NaN,NaN,NaN,NaN,NaN
39.703129,-7.748782,32960.86,3942.3,9,18,23,NaN,NaN,NaN,NaN,NaN,NaN,NaN,NaN,NaN,NaN,NaN
39.703129,-7.748782,32960.86,3942.3,9,18,28,NaN,NaN,NaN,NaN,NaN,NaN,NaN,NaN,NaN,NaN,NaN
39.703129,-7.748782,32960.86,3942.3,9,18,33,NaN,NaN,NaN,NaN,NaN,NaN,NaN,NaN,NaN,NaN,NaN
39.703129,-7.748782,32960.86,3942.3,9,18,38,NaN,NaN,NaN,NaN,NaN,NaN,NaN,NaN,NaN,NaN,NaN
39.703129,-7.748782,32960.86,3942.3,9,18,43,NaN,NaN,NaN,NaN,NaN,NaN,NaN,NaN,NaN,NaN,NaN
39.703129,-7.748782,32960.86,3942.3,9,18,48,NaN,NaN,NaN,NaN,NaN,NaN,NaN,NaN,NaN,NaN,NaN
39.703129,-7.748782,32960.86,3942.3,9,18,53,NaN,NaN,NaN,NaN,NaN,NaN,NaN,NaN,NaN,NaN,NaN
39.703129,-7.748782,32960.86,3942.3,9,18,58,NaN,NaN,NaN,NaN,NaN,NaN,NaN,NaN,NaN,NaN,NaN
39.703129,-7.748782,32960.86,3942.3,9,19,3,NaN,NaN,NaN,NaN,NaN,NaN,NaN,NaN,NaN,NaN,NaN
39.703129,-7.748782,32960.86,3942.3,9,19,8,NaN,NaN,NaN,NaN,NaN,NaN,NaN,NaN,NaN,NaN,NaN
39.703129,-7.748782,32960.86,3942.3,9,19,14,NaN,NaN,NaN,NaN,NaN,NaN,NaN,NaN,NaN,NaN,NaN
39.703129,-7.748782,32960.86,3942.3,9,19,19,NaN,NaN,NaN,NaN,NaN,NaN,NaN,NaN,NaN,NaN,NaN
39.703129,-7.748782,32960.86,3942.3,9,19,24,NaN,NaN,NaN,NaN,NaN,NaN,NaN,NaN,NaN,NaN,NaN
39.703129,-7.748782,32960.86,3942.3,9,19,29,NaN,NaN,NaN,NaN,NaN,NaN,NaN,NaN,NaN,NaN,NaN
39.703129,-7.748782,32960.86,3942.3,9,19,34,NaN,NaN,NaN,NaN,NaN,NaN,NaN,NaN,NaN,NaN,NaN
39.703129,-7.748782,32960.86,3942.3,9,19,39,NaN,NaN,NaN,NaN,NaN,NaN,NaN,NaN,NaN,NaN,NaN
39.703129,-7.748782,32960.86,3942.3,9,19,44,NaN,NaN,NaN,NaN,NaN,NaN,NaN,NaN,NaN,NaN,NaN
39.703129,-7.748782,32960.86,3942.3,9,19,49,NaN,NaN,NaN,NaN,NaN,NaN,NaN,NaN,NaN,NaN,NaN
39.703129,-7.748782,32960.86,3942.3,9,19,54,NaN,NaN,NaN,NaN,NaN,NaN,NaN,NaN,NaN,NaN,NaN
39.703129,-7.748782,32960.86,3942.3,9,19,59,NaN,NaN,NaN,NaN,NaN,NaN,NaN,NaN,NaN,NaN,NaN
39.703129,-7.748782,32960.86,3942.3,9,20,4,NaN,NaN,NaN,NaN,NaN,NaN,NaN,NaN,NaN,NaN,NaN
39.703129,-7.748782,32960.86,3942.3,9,20,9,NaN,NaN,NaN,NaN,NaN,NaN,NaN,NaN,NaN,NaN,NaN
39.703129,-7.748782,32960.86,3942.3,9,20,14,NaN,NaN,NaN,NaN,NaN,NaN,NaN,NaN,NaN,NaN,NaN
39.703129,-7.748782,32960.86,3942.3,9,20,19,NaN,NaN,NaN,NaN,NaN,NaN,NaN,NaN,NaN,NaN,NaN
39.703129,-7.748782,32960.86,3942.3,9,20,24,NaN,NaN,NaN,NaN,NaN,NaN,NaN,NaN,NaN,NaN,NaN
39.703129,-7.748782,32960.86,3942.3,9,20,29,NaN,NaN,NaN,NaN,NaN,NaN,NaN,NaN,NaN,NaN,NaN
39.703129,-7.748782,32960.86,3942.3,9,20,34,NaN,NaN,NaN,NaN,NaN,NaN,NaN,NaN,NaN,NaN,NaN
39.703129,-7.748782,32960.86,3942.3,9,20,39,NaN,NaN,NaN,NaN,NaN,NaN,NaN,NaN,NaN,NaN,NaN
39.703129,-7.748782,32960.86,3942.3,9,20,44,NaN,NaN,NaN,NaN,NaN,NaN,NaN,NaN,NaN,NaN,NaN
39.703129,-7.748782,32960.86,3942.3,9,20,49,NaN,NaN,NaN,NaN,NaN,NaN,NaN,NaN,NaN,NaN,NaN
39.703129,-7.748782,32960.86,3942.3,9,20,54,NaN,NaN,NaN,NaN,NaN,NaN,NaN,NaN,NaN,NaN,NaN
39.703129,-7.748782,32960.86,3942.3,9,20,59,NaN,NaN,NaN,NaN,NaN,NaN,NaN,NaN,NaN,NaN,NaN
39.703129,-7.748782,32960.86,3942.3,9,21,4,NaN,NaN,NaN,NaN,NaN,NaN,NaN,NaN,NaN,NaN,NaN
39.703129,-7.748782,32960.86,3942.3,9,21,9,NaN,NaN,NaN,NaN,NaN,NaN,NaN,NaN,NaN,NaN,NaN
39.703129,-7.748782,32960.86,3942.3,9,21,14,NaN,NaN,NaN,NaN,NaN,NaN,NaN,NaN,NaN,NaN,NaN
39.703129,-7.748782,32960.86,3942.3,9,21,19,NaN,NaN,NaN,NaN,NaN,NaN,NaN,NaN,NaN,NaN,NaN
39.703129,-7.748782,32960.86,3942.3,9,21,24,NaN,NaN,NaN,NaN,NaN,NaN,NaN,NaN,NaN,NaN,NaN
39.703129,-7.748782,32960.86,3942.3,9,21,29,NaN,NaN,NaN,NaN,NaN,NaN,NaN,NaN,NaN,NaN,NaN
39.703129,-7.748782,32960.86,3942.3,9,21,34,NaN,NaN,NaN,NaN,NaN,NaN,NaN,NaN,NaN,NaN,NaN
39.703129,-7.748782,32960.86,3942.3,9,21,39,NaN,NaN,NaN,NaN,NaN,NaN,NaN,NaN,NaN,NaN,NaN
39.703129,-7.748782,32960.86,3942.3,9,21,44,NaN,NaN,NaN,NaN,NaN,NaN,NaN,NaN,NaN,NaN,NaN
39.703129,-7.748782,32960.86,3942.3,9,21,49,NaN,NaN,NaN,NaN,NaN,NaN,NaN,NaN,NaN,NaN,NaN
39.703129,-7.748782,32960.86,3942.3,9,21,54,NaN,NaN,NaN,NaN,NaN,NaN,NaN,NaN,NaN,NaN,NaN
39.703129,-7.748782,32960.86,3942.3,9,21,59,NaN,NaN,NaN,NaN,NaN,NaN,NaN,NaN,NaN,NaN,NaN
39.703129,-7.748782,32960.86,3942.3,9,22,4,NaN,NaN,NaN,NaN,NaN,NaN,NaN,NaN,NaN,NaN,NaN
39.703129,-7.748782,32960.86,3942.3,9,22,9,NaN,NaN,NaN,NaN,NaN,NaN,NaN,NaN,NaN,NaN,NaN
39.703129,-7.748782,32960.86,3942.3,9,22,14,NaN,NaN,NaN,NaN,NaN,NaN,NaN,NaN,NaN,NaN,NaN
39.703129,-7.748782,32960.86,3942.3,9,22,19,NaN,NaN,NaN,NaN,NaN,NaN,NaN,NaN,NaN,NaN,NaN
39.703129,-7.748782,32960.86,3942.3,9,22,24,NaN,NaN,NaN,NaN,NaN,NaN,NaN,NaN,NaN,NaN,NaN
39.703129,-7.748782,32960.86,3942.3,9,22,29,NaN,NaN,NaN,NaN,NaN,NaN,NaN,NaN,NaN,NaN,NaN
39.703129,-7.748782,32960.86,3942.3,9,22,34,NaN,NaN,NaN,NaN,NaN,NaN,NaN,NaN,NaN,NaN,NaN
39.703129,-7.748782,32960.86,3942.3,9,22,39,NaN,NaN,NaN,NaN,NaN,NaN,NaN,NaN,NaN,NaN,NaN
39.703129,-7.748782,32960.86,3942.3,9,22,44,NaN,NaN,NaN,NaN,NaN,NaN,NaN,NaN,NaN,NaN,NaN
39.703129,-7.748782,32960.86,3942.3,9,22,49,NaN,NaN,NaN,NaN,NaN,NaN,NaN,NaN,NaN,NaN,NaN
39.703129,-7.748782,32960.86,3942.3,9,22,54,NaN,NaN,NaN,NaN,NaN,NaN,NaN,NaN,NaN,NaN,NaN
39.703129,-7.748782,32960.86,3942.3,9,22,59,NaN,NaN,NaN,NaN,NaN,NaN,NaN,NaN,NaN,NaN,NaN
39.703129,-7.748782,32960.86,3942.3,9,23,4,NaN,NaN,NaN,NaN,NaN,NaN,NaN,NaN,NaN,NaN,NaN
39.703129,-7.748782,32960.86,3942.3,9,23,9,NaN,NaN,NaN,NaN,NaN,NaN,NaN,NaN,NaN,NaN,NaN
39.703129,-7.748782,32960.86,3942.3,9,23,14,NaN,NaN,NaN,NaN,NaN,NaN,NaN,NaN,NaN,NaN,NaN
39.703129,-7.748782,32960.86,3942.3,9,23,19,NaN,NaN,NaN,NaN,NaN,NaN,NaN,NaN,NaN,NaN,NaN
39.703129,-7.748782,32960.86,3942.3,9,23,24,NaN,NaN,NaN,NaN,NaN,NaN,NaN,NaN,NaN,NaN,NaN
39.703129,-7.748782,32960.86,3942.3,9,23,29,NaN,NaN,NaN,NaN,NaN,NaN,NaN,NaN,NaN,NaN,NaN
39.703129,-7.748782,32960.86,3942.3,9,23,34,NaN,NaN,NaN,NaN,NaN,NaN,NaN,NaN,NaN,NaN,NaN
39.703129,-7.748782,32960.86,3942.3,9,23,39,NaN,NaN,NaN,NaN,NaN,NaN,NaN,NaN,NaN,NaN,NaN
39.703129,-7.748782,32960.86,3942.3,9,23,44,NaN,NaN,NaN,NaN,NaN,NaN,NaN,NaN,NaN,NaN,NaN
39.703129,-7.748782,32960.86,3942.3,9,23,49,NaN,NaN,NaN,NaN,NaN,NaN,NaN,NaN,NaN,NaN,NaN
39.703129,-7.748782,32960.86,3942.3,9,23,54,NaN,NaN,NaN,NaN,NaN,NaN,NaN,NaN,NaN,NaN,NaN
39.703129,-7.748782,32960.86,3942.3,10,0,0,NaN,NaN,NaN,NaN,NaN,NaN,NaN,NaN,NaN,NaN,NaN
39.703129,-7.748782,32960.86,3942.3,10,0,0,NaN,NaN,NaN,NaN,NaN,NaN,NaN,NaN,NaN,NaN,NaN
39.703129,-7.748782,32960.86,3942.3,10,0,5,NaN,NaN,NaN,NaN,NaN,NaN,NaN,NaN,NaN,NaN,NaN
39.703129,-7.748782,32960.86,3942.3,10,0,10,NaN,NaN,NaN,NaN,NaN,NaN,NaN,NaN,NaN,NaN,NaN
39.703129,-7.748782,32960.86,3942.3,10,0,15,NaN,NaN,NaN,NaN,NaN,NaN,NaN,NaN,NaN,NaN,NaN
39.703129,-7.748782,32960.86,3942.3,10,0,20,NaN,NaN,NaN,NaN,NaN,NaN,NaN,NaN,NaN,NaN,NaN
39.703129,-7.748782,32960.86,3942.3,10,0,25,NaN,NaN,NaN,NaN,NaN,NaN,NaN,NaN,NaN,NaN,NaN
39.703129,-7.748782,32960.86,3942.3,10,0,30,NaN,NaN,NaN,NaN,NaN,NaN,NaN,NaN,NaN,NaN,NaN
39.703129,-7.748782,32960.86,3942.3,10,0,35,NaN,NaN,NaN,NaN,NaN,NaN,NaN,NaN,NaN,NaN,NaN
39.703129,-7.748782,32960.86,3942.3,10,0,40,NaN,NaN,NaN,NaN,NaN,NaN,NaN,NaN,NaN,NaN,NaN
39.703129,-7.748782,32960.86,3942.3,10,0,45,NaN,NaN,NaN,NaN,NaN,NaN,NaN,NaN,NaN,NaN,NaN
39.703129,-7.748782,32960.86,3942.3,10,0,50,NaN,NaN,NaN,NaN,NaN,NaN,NaN,NaN,NaN,NaN,NaN
39.703129,-7.748782,32960.86,3942.3,10,0,55,NaN,NaN,NaN,NaN,NaN,NaN,NaN,NaN,NaN,NaN,NaN
39.703129,-7.748782,32960.86,3942.3,10,1,0,NaN,NaN,NaN,NaN,NaN,NaN,NaN,NaN,NaN,NaN,NaN
39.703129,-7.748782,32960.86,3942.3,10,1,5,NaN,NaN,NaN,NaN,NaN,NaN,NaN,NaN,NaN,NaN,NaN
39.703129,-7.748782,32960.86,3942.3,10,1,10,NaN,NaN,NaN,NaN,NaN,NaN,NaN,NaN,NaN,NaN,NaN
39.703129,-7.748782,32960.86,3942.3,10,1,15,NaN,NaN,NaN,NaN,NaN,NaN,NaN,NaN,NaN,NaN,NaN
39.703129,-7.748782,32960.86,3942.3,10,1,20,NaN,NaN,NaN,NaN,NaN,NaN,NaN,NaN,NaN,NaN,NaN
39.703129,-7.748782,32960.86,3942.3,10,1,25,NaN,NaN,NaN,NaN,NaN,NaN,NaN,NaN,NaN,NaN,NaN
39.703129,-7.748782,32960.86,3942.3,10,1,30,NaN,NaN,NaN,NaN,NaN,NaN,NaN,NaN,NaN,NaN,NaN
39.703129,-7.748782,32960.86,3942.3,10,1,35,NaN,NaN,NaN,NaN,NaN,NaN,NaN,NaN,NaN,NaN,NaN
39.703129,-7.748782,32960.86,3942.3,10,1,40,NaN,NaN,NaN,NaN,NaN,NaN,NaN,NaN,NaN,NaN,NaN
39.703129,-7.748782,32960.86,3942.3,10,1,45,NaN,NaN,NaN,NaN,NaN,NaN,NaN,NaN,NaN,NaN,NaN
39.703129,-7.748782,32960.86,3942.3,10,1,50,NaN,NaN,NaN,NaN,NaN,NaN,NaN,NaN,NaN,NaN,NaN
39.703129,-7.748782,32960.86,3942.3,10,1,55,NaN,NaN,NaN,NaN,NaN,NaN,NaN,NaN,NaN,NaN,NaN
39.703129,-7.748782,32960.86,3942.3,10,2,0,NaN,NaN,NaN,NaN,NaN,NaN,NaN,NaN,NaN,NaN,NaN
39.703129,-7.748782,32960.86,3942.3,10,2,5,NaN,NaN,NaN,NaN,NaN,NaN,NaN,NaN,NaN,NaN,NaN
39.703129,-7.748782,32960.86,3942.3,10,2,10,NaN,NaN,NaN,NaN,NaN,NaN,NaN,NaN,NaN,NaN,NaN
39.703129,-7.748782,32960.86,3942.3,10,2,15,NaN,NaN,NaN,NaN,NaN,NaN,NaN,NaN,NaN,NaN,NaN
39.703129,-7.748782,32960.86,3942.3,10,2,20,NaN,NaN,NaN,NaN,NaN,NaN,NaN,NaN,NaN,NaN,NaN
39.703129,-7.748782,32960.86,3942.3,10,2,25,NaN,NaN,NaN,NaN,NaN,NaN,NaN,NaN,NaN,NaN,NaN
39.703129,-7.748782,32960.86,3942.3,10,2,30,NaN,NaN,NaN,NaN,NaN,NaN,NaN,NaN,NaN,NaN,NaN
39.703129,-7.748782,32960.86,3942.3,10,2,35,NaN,NaN,NaN,NaN,NaN,NaN,NaN,NaN,NaN,NaN,NaN
39.703129,-7.748782,32960.86,3942.3,10,2,40,NaN,NaN,NaN,NaN,NaN,NaN,NaN,NaN,NaN,NaN,NaN
39.703129,-7.748782,32960.86,3942.3,10,2,45,NaN,NaN,NaN,NaN,NaN,NaN,NaN,NaN,NaN,NaN,NaN
39.703129,-7.748782,32960.86,3942.3,10,2,50,NaN,NaN,NaN,NaN,NaN,NaN,NaN,NaN,NaN,NaN,NaN
39.703129,-7.748782,32960.86,3942.3,10,2,55,NaN,NaN,NaN,NaN,NaN,NaN,NaN,NaN,NaN,NaN,NaN
39.703129,-7.748782,32960.86,3942.3,10,3,0,NaN,NaN,NaN,NaN,NaN,NaN,NaN,NaN,NaN,NaN,NaN
39.703129,-7.748782,32960.86,3942.3,10,3,5,NaN,NaN,NaN,NaN,NaN,NaN,NaN,NaN,NaN,NaN,NaN
39.703129,-7.748782,32960.86,3942.3,10,3,10,NaN,NaN,NaN,NaN,NaN,NaN,NaN,NaN,NaN,NaN,NaN
39.703129,-7.748782,32960.86,3942.3,10,3,15,NaN,NaN,NaN,NaN,NaN,NaN,NaN,NaN,NaN,NaN,NaN
39.703129,-7.748782,32960.86,3942.3,10,3,20,NaN,NaN,NaN,NaN,NaN,NaN,NaN,NaN,NaN,NaN,NaN
39.703129,-7.748782,32960.86,3942.3,10,3,25,NaN,NaN,NaN,NaN,NaN,NaN,NaN,NaN,NaN,NaN,NaN
39.703129,-7.748782,32960.86,3942.3,10,3,30,NaN,NaN,NaN,NaN,NaN,NaN,NaN,NaN,NaN,NaN,NaN
39.703129,-7.748782,32960.86,3942.3,10,3,35,NaN,NaN,NaN,NaN,NaN,NaN,NaN,NaN,NaN,NaN,NaN
39.703129,-7.748782,32960.86,3942.3,10,3,40,NaN,NaN,NaN,NaN,NaN,NaN,NaN,NaN,NaN,NaN,NaN
39.703129,-7.748782,32960.86,3942.3,10,3,45,NaN,NaN,NaN,NaN,NaN,NaN,NaN,NaN,NaN,NaN,NaN
39.703129,-7.748782,32960.86,3942.3,10,3,50,NaN,NaN,NaN,NaN,NaN,NaN,NaN,NaN,NaN,NaN,NaN
39.703129,-7.748782,32960.86,3942.3,10,3,55,NaN,NaN,NaN,NaN,NaN,NaN,NaN,NaN,NaN,NaN,NaN
39.703129,-7.748782,32960.86,3942.3,10,4,0,NaN,NaN,NaN,NaN,NaN,NaN,NaN,NaN,NaN,NaN,NaN
39.703129,-7.748782,32960.86,3942.3,10,4,5,NaN,NaN,NaN,NaN,NaN,NaN,NaN,NaN,NaN,NaN,NaN
39.703129,-7.748782,32960.86,3942.3,10,4,10,NaN,NaN,NaN,NaN,NaN,NaN,NaN,NaN,NaN,NaN,NaN
39.703129,-7.748782,32960.86,3942.3,10,4,15,NaN,NaN,NaN,NaN,NaN,NaN,NaN,NaN,NaN,NaN,NaN
39.703129,-7.748782,32960.86,3942.3,10,4,20,NaN,NaN,NaN,NaN,NaN,NaN,NaN,NaN,NaN,NaN,NaN
39.703129,-7.748782,32960.86,3942.3,10,4,25,NaN,NaN,NaN,NaN,NaN,NaN,NaN,NaN,NaN,NaN,NaN
39.703129,-7.748782,32960.86,3942.3,10,4,30,NaN,NaN,NaN,NaN,NaN,NaN,NaN,NaN,NaN,NaN,NaN
39.703129,-7.748782,32960.86,3942.3,10,4,35,NaN,NaN,NaN,NaN,NaN,NaN,NaN,NaN,NaN,NaN,NaN
39.703129,-7.748782,32960.86,3942.3,10,4,40,NaN,NaN,NaN,NaN,NaN,NaN,NaN,NaN,NaN,NaN,NaN
39.703129,-7.748782,32960.86,3942.3,10,4,45,NaN,NaN,NaN,NaN,NaN,NaN,NaN,NaN,NaN,NaN,NaN
39.703129,-7.748782,32960.86,3942.3,10,4,51,NaN,NaN,NaN,NaN,NaN,NaN,NaN,NaN,NaN,NaN,NaN
39.703129,-7.748782,32960.86,3942.3,10,4,56,NaN,NaN,NaN,NaN,NaN,NaN,NaN,NaN,NaN,NaN,NaN
39.703129,-7.748782,32960.86,3942.3,10,5,1,NaN,NaN,NaN,NaN,NaN,NaN,NaN,NaN,NaN,NaN,NaN
39.703129,-7.748782,32960.86,3942.3,10,5,6,NaN,NaN,NaN,NaN,NaN,NaN,NaN,NaN,NaN,NaN,NaN
39.703129,-7.748782,32960.86,3942.3,10,5,11,NaN,NaN,NaN,NaN,NaN,NaN,NaN,NaN,NaN,NaN,NaN
39.703129,-7.748782,32960.86,3942.3,10,5,16,NaN,NaN,NaN,NaN,NaN,NaN,NaN,NaN,NaN,NaN,NaN
39.703129,-7.748782,32960.86,3942.3,10,5,21,NaN,NaN,NaN,NaN,NaN,NaN,NaN,NaN,NaN,NaN,NaN
39.703129,-7.748782,32960.86,3942.3,10,5,26,NaN,NaN,NaN,NaN,NaN,NaN,NaN,NaN,NaN,NaN,NaN
39.703129,-7.748782,32960.86,3942.3,10,5,31,NaN,NaN,NaN,NaN,NaN,NaN,NaN,NaN,NaN,NaN,NaN
39.703129,-7.748782,32960.86,3942.3,10,5,36,NaN,NaN,NaN,NaN,NaN,NaN,NaN,NaN,NaN,NaN,NaN
39.703129,-7.748782,32960.86,3942.3,10,5,41,NaN,NaN,NaN,NaN,NaN,NaN,NaN,NaN,NaN,NaN,NaN
39.703129,-7.748782,32960.86,3942.3,10,5,46,NaN,NaN,NaN,NaN,NaN,NaN,NaN,NaN,NaN,NaN,NaN
39.703129,-7.748782,32960.86,3942.3,10,5,51,NaN,NaN,NaN,NaN,NaN,NaN,NaN,NaN,NaN,NaN,NaN
39.703129,-7.748782,32960.86,3942.3,10,5,56,NaN,NaN,NaN,NaN,NaN,NaN,NaN,NaN,NaN,NaN,NaN
39.703129,-7.748782,32960.86,3942.3,10,6,1,NaN,NaN,NaN,NaN,NaN,NaN,NaN,NaN,NaN,NaN,NaN
39.703129,-7.748782,32960.86,3942.3,10,6,6,NaN,NaN,NaN,NaN,NaN,NaN,NaN,NaN,NaN,NaN,NaN
39.703129,-7.748782,32960.86,3942.3,10,6,11,NaN,NaN,NaN,NaN,NaN,NaN,NaN,NaN,NaN,NaN,NaN
39.703129,-7.748782,32960.86,3942.3,10,6,16,NaN,NaN,NaN,NaN,NaN,NaN,NaN,NaN,NaN,NaN,NaN
39.703129,-7.748782,32960.86,3942.3,10,6,21,NaN,NaN,NaN,NaN,NaN,NaN,NaN,NaN,NaN,NaN,NaN
39.703129,-7.748782,32960.86,3942.3,10,6,26,NaN,NaN,NaN,NaN,NaN,NaN,NaN,NaN,NaN,NaN,NaN
39.703129,-7.748782,32960.86,3942.3,10,6,31,NaN,NaN,NaN,NaN,NaN,NaN,NaN,NaN,NaN,NaN,NaN
39.703129,-7.748782,32960.86,3942.3,10,6,36,NaN,NaN,NaN,NaN,NaN,NaN,NaN,NaN,NaN,NaN,NaN
39.703129,-7.748782,32960.86,3942.3,10,6,41,NaN,NaN,NaN,NaN,NaN,NaN,NaN,NaN,NaN,NaN,NaN
39.703129,-7.748782,32960.86,3942.3,10,6,46,NaN,NaN,NaN,NaN,NaN,NaN,NaN,NaN,NaN,NaN,NaN
39.703129,-7.748782,32960.86,3942.3,10,6,51,NaN,NaN,NaN,NaN,NaN,NaN,NaN,NaN,NaN,NaN,NaN
39.703129,-7.748782,32960.86,3942.3,10,6,56,NaN,NaN,NaN,NaN,NaN,NaN,NaN,NaN,NaN,NaN,NaN
39.703129,-7.748782,32960.86,3942.3,10,7,1,NaN,NaN,NaN,NaN,NaN,NaN,NaN,NaN,NaN,NaN,NaN
39.703129,-7.748782,32960.86,3942.3,10,7,6,NaN,NaN,NaN,NaN,NaN,NaN,NaN,NaN,NaN,NaN,NaN
39.703129,-7.748782,32960.86,3942.3,10,7,11,NaN,NaN,NaN,NaN,NaN,NaN,NaN,NaN,NaN,NaN,NaN
39.703129,-7.748782,32960.86,3942.3,10,7,16,NaN,NaN,NaN,NaN,NaN,NaN,NaN,NaN,NaN,NaN,NaN
39.703129,-7.748782,32960.86,3942.3,10,7,21,NaN,NaN,NaN,NaN,NaN,NaN,NaN,NaN,NaN,NaN,NaN
39.703129,-7.748782,32960.86,3942.3,10,7,26,NaN,NaN,NaN,NaN,NaN,NaN,NaN,NaN,NaN,NaN,NaN
39.703129,-7.748782,32960.86,3942.3,10,7,31,NaN,NaN,NaN,NaN,NaN,NaN,NaN,NaN,NaN,NaN,NaN
39.703129,-7.748782,32960.86,3942.3,10,7,36,NaN,NaN,NaN,NaN,NaN,NaN,NaN,NaN,NaN,NaN,NaN
39.703129,-7.748782,32960.86,3942.3,10,7,41,NaN,NaN,NaN,NaN,NaN,NaN,NaN,NaN,NaN,NaN,NaN
39.703129,-7.748782,32960.86,3942.3,10,7,46,NaN,NaN,NaN,NaN,NaN,NaN,NaN,NaN,NaN,NaN,NaN
39.703129,-7.748782,32960.86,3942.3,10,7,51,NaN,NaN,NaN,NaN,NaN,NaN,NaN,NaN,NaN,NaN,NaN
39.703129,-7.748782,32960.86,3942.3,10,7,56,NaN,NaN,NaN,NaN,NaN,NaN,NaN,NaN,NaN,NaN,NaN
39.703129,-7.748782,32960.86,3942.3,10,8,1,NaN,NaN,NaN,NaN,NaN,NaN,NaN,NaN,NaN,NaN,NaN
39.703129,-7.748782,32960.86,3942.3,10,8,6,NaN,NaN,NaN,NaN,NaN,NaN,NaN,NaN,NaN,NaN,NaN
39.703129,-7.748782,32960.86,3942.3,10,8,11,NaN,NaN,NaN,NaN,NaN,NaN,NaN,NaN,NaN,NaN,NaN
39.703129,-7.748782,32960.86,3942.3,10,8,16,NaN,NaN,NaN,NaN,NaN,NaN,NaN,NaN,NaN,NaN,NaN
39.703129,-7.748782,32960.86,3942.3,10,8,21,NaN,NaN,NaN,NaN,NaN,NaN,NaN,NaN,NaN,NaN,NaN
39.703129,-7.748782,32960.86,3942.3,10,8,26,NaN,NaN,NaN,NaN,NaN,NaN,NaN,NaN,NaN,NaN,NaN
39.703129,-7.748782,32960.86,3942.3,10,8,31,NaN,NaN,NaN,NaN,NaN,NaN,NaN,NaN,NaN,NaN,NaN
39.703129,-7.748782,32960.86,3942.3,10,8,36,NaN,NaN,NaN,NaN,NaN,NaN,NaN,NaN,NaN,NaN,NaN
39.703129,-7.748782,32960.86,3942.3,10,8,41,NaN,NaN,NaN,NaN,NaN,NaN,NaN,NaN,NaN,NaN,NaN
39.703129,-7.748782,32960.86,3942.3,10,8,46,NaN,NaN,NaN,NaN,NaN,NaN,NaN,NaN,NaN,NaN,NaN
39.703129,-7.748782,32960.86,3942.3,10,8,51,1.01743829,246.61224365,0.88986582,0.38485357,1.08311844,0.0532384,0.12018391,0.0076355,0.02084152,-0.00136997,-0.02356976
39.703129,-7.748782,32960.86,3942.3,10,8,56,1.33987355,250.47151184,1.03621447,0.36752263,0.60490876,0.40381962,0.66291642,0.18128978,-0.04033159,-0.01669326,-0.09242445
39.703129,-7.748782,32960.86,3942.3,10,9,1,1.55092514,257.02175903,1.43315625,0.33029661,0.62462664,0.59667194,0.29936683,0.13285582,0.0808652,-0.033296,-0.024182
39.703129,-7.748782,32960.86,3942.3,10,9,6,1.42866302,251.74053955,1.16906273,0.38571298,0.61364716,0.68690646,0.56365252,0.22966108,-0.02642924,-0.06189362,-0.08048219
39.703129,-7.748782,32960.86,3942.3,10,9,11,1.39818084,250.81417847,1.20996642,0.42101926,0.58220142,0.37433016,0.45572993,0.21559417,0.07905606,-0.03404889,-0.12233977
39.703129,-7.748782,32960.86,3942.3,10,9,16,1.4100498,249.18748474,1.24406517,0.47288704,0.52977061,0.53924769,0.39811289,0.11181077,0.23958348,-0.02815091,-0.02895131
39.703129,-7.748782,32960.86,3942.3,10,9,21,1.32476676,234.95437622,0.90167069,0.6324271,0.38096356,0.40144062,0.76879561,0.27083588,-0.06492889,0.00628579,-0.30441022
39.703129,-7.748782,32960.86,3942.3,10,9,26,1.63841844,249.54005432,1.18647313,0.44265893,0.40265653,0.88969743,0.97571361,0.36348331,-0.07813183,0.03632429,-0.26501086
39.703129,-7.748782,32960.86,3942.3,10,9,31,1.506217,248.05122375,1.19216239,0.48042557,0.52506101,0.7501412,0.56668705,0.31827614,-0.03147591,-0.04250096,-0.11878008
39.703129,-7.748782,32960.86,3942.3,10,9,37,1.68211818,249.59048462,1.37128866,0.51023692,0.54533923,0.90441239,0.98209208,0.37891695,0.21370587,-0.07737637,-0.20520195
39.703129,-7.748782,32960.86,3942.3,10,9,42,2.02601767,238.46879578,1.42336345,0.87330514,0.64713305,1.44466782,1.80761576,0.77489913,0.14746067,0.06274561,-0.5984726
39.703129,-7.748782,32960.86,3942.3,10,9,47,1.47952557,243.58398438,1.15642834,0.5744589,0.54707634,0.73434341,0.6756953,0.27196899,0.12805335,-0.0266726,-0.15285005
39.703129,-7.748782,32960.86,3942.3,10,9,52,1.98147464,252.86569214,1.74868488,0.53911197,0.73470938,0.73455387,0.70340568,0.24693984,0.11649858,-0.0839221,-0.05555441
39.703129,-7.748782,32960.86,3942.3,10,9,57,2.01353478,265.63458252,1.82216883,0.1391023,0.79775971,0.96417814,0.75838482,0.25193974,-0.09323636,-0.05707952,-0.02702281
39.703129,-7.748782,32960.86,3942.3,10,10,2,1.72584057,244.5553894,1.37701821,0.65517086,0.63666117,0.90463793,0.86100864,0.29907081,0.24569716,-0.06123815,-0.13025351
39.703129,-7.748782,32960.86,3942.3,10,10,7,1.76026332,235.35762024,1.26386821,0.87326449,0.45172206,1.09441316,0.9570663,0.43704411,0.34390667,-0.16190225,-0.24877925
39.703129,-7.748782,32960.86,3942.3,10,10,12,1.70305097,245.93925476,1.38934183,0.6203407,0.5873546,0.79884291,0.66557944,0.26868317,0.16108537,-0.04574418,-0.14085227
39.703129,-7.748782,32960.86,3942.3,10,10,17,1.47421432,250.85873413,1.27246892,0.44165856,0.62725085,0.43400428,0.41094977,0.21075794,0.05467206,-0.07627653,-0.08485977
39.703129,-7.748782,32960.86,3942.3,10,10,22,1.31866348,249.94709778,1.16881037,0.42663473,0.49727032,0.40383452,0.30272532,0.11825766,0.16850813,-0.03898556,-0.01114768
39.703129,-7.748782,32960.86,3942.3,10,10,27,1.13216424,240.152771,0.90913963,0.5216648,0.4303295,0.19775474,0.23562303,0.08225286,0.04276313,-0.01028535,-0.02542069
39.703129,-7.748782,32960.86,3942.3,10,10,32,1.26174808,250.63243103,1.0739857,0.37752688,0.46423373,0.33627266,0.4067184,0.13686685,0.10413832,-0.0276014,-0.09944518
39.703129,-7.748782,32960.86,3942.3,10,10,37,1.17243564,249.40777588,0.92426813,0.34726641,0.41025439,0.25115201,0.56070215,0.15562326,0.01740303,-0.02151852,-0.11664523
39.703129,-7.748782,32960.86,3942.3,10,10,42,1.48232937,255.61793518,1.2796514,0.32813153,0.52266192,0.37036461,0.57410449,0.13236347,0.08506591,-0.05775147,-0.05783172
39.703129,-7.748782,32960.86,3942.3,10,10,47,1.62759626,262.72360229,1.42076635,0.18140945,0.63388473,0.57781684,0.68608791,0.1515034,0.1911035,-0.04033281,-0.01248544
39.703129,-7.748782,32960.86,3942.3,10,10,52,1.86009419,259.63647461,1.72392809,0.31526601,0.67880452,0.54018283,0.40382403,0.17540054,-0.05244695,-0.0253061,-0.03105685
39.703129,-7.748782,32960.86,3942.3,10,10,57,1.41547334,256.93325806,1.27276945,0.29540417,0.66028643,0.36650348,0.38107464,0.16155823,0.02113022,-0.05058456,-0.02321596
39.703129,-7.748782,32960.86,3942.3,10,11,2,1.99192357,263.72457886,1.82487321,0.2006758,0.82413989,0.93503535,0.69967288,0.23313797,0.15547554,-0.04402755,0.04105013
39.703129,-7.748782,32960.86,3942.3,10,11,7,1.82620037,265.28024292,1.6787504,0.13860135,0.79737347,0.67397457,0.55135298,0.19025709,0.04974555,-0.05913688,0.01960779
39.703129,-7.748782,32960.86,3942.3,10,11,12,2.01753068,264.59399414,1.76738834,0.16725439,0.72474623,0.88446802,0.9728443,0.25986516,-0.01298872,-0.05139095,-0.14304356
39.703129,-7.748782,32960.86,3942.3,10,11,17,1.4530468,272.7116394,1.36867845,-0.06482387,0.6183089,0.36929187,0.25185338,0.11472639,-0.06555662,-0.03124549,0.00428184
39.703129,-7.748782,32960.86,3942.3,10,11,22,1.44592905,261.68237305,1.32772458,0.1941113,0.62463963,0.43948185,0.31563473,0.14007692,0.04015916,-0.02961203,-0.04376838
39.703129,-7.748782,32960.86,3942.3,10,11,27,2.08147573,246.97410583,1.78385127,0.75815147,0.64371288,1.25971437,0.86536503,0.3181935,0.42607537,-0.05757757,-0.11002548
39.703129,-7.748782,32960.86,3942.3,10,11,32,1.3483243,253.2722168,1.15792346,0.34800571,0.5871802,0.38572261,0.41947824,0.15877289,0.10397375,-0.0627082,-0.06332821
39.703129,-7.748782,32960.86,3942.3,10,11,37,1.57369602,239.31082153,1.18961096,0.70603567,0.47672567,0.6983943,0.56760871,0.26197946,0.07281813,-0.02341881,-0.12729818
39.703129,-7.748782,32960.86,3942.3,10,11,42,1.42871881,266.44552612,1.30008209,0.08075698,0.58586824,0.43822104,0.33888569,0.15040956,-0.01199897,-0.0219002,0.01271598
39.703129,-7.748782,32960.86,3942.3,10,11,47,1.33131957,254.47538757,1.20046318,0.33347327,0.49410963,0.24904947,0.28153694,0.08746937,0.07351001,-0.02985187,0.00948878
39.703129,-7.748782,32960.86,3942.3,10,11,52,1.30971694,252.99427795,1.15975523,0.35469925,0.55229807,0.29361928,0.26411426,0.10689601,0.00260651,-0.03096591,-0.02369774
39.703129,-7.748782,32960.86,3942.3,10,11,57,1.35012853,261.98220825,1.25929821,0.17738158,0.5799861,0.39416897,0.24792936,0.11657554,0.07355264,-0.01081515,0.03288617
39.703129,-7.748782,32960.86,3942.3,10,12,2,1.06445253,272.27331543,0.9736746,-0.03865262,0.46836624,0.26061893,0.1700666,0.06876227,-0.03020158,-0.0151567,0.01589556
39.703129,-7.748782,32960.86,3942.3,10,12,7,1.29421842,271.41864014,1.18802226,-0.02942135,0.51031458,0.37429979,0.30531871,0.10829836,-0.04937217,-0.04442492,0.06082888
39.703129,-7.748782,32960.86,3942.3,10,12,12,1.0903641,253.47761536,0.93433517,0.27715987,0.50862616,0.16403161,0.26397273,0.08242416,0.05496355,-0.00745957,0.00749112
39.703129,-7.748782,32960.86,3942.3,10,12,17,1.39063144,244.76864624,1.16784573,0.55032724,0.52256107,0.24364166,0.38083366,0.11578324,0.090943,-0.02955099,-0.01531519
39.703129,-7.748782,32960.86,3942.3,10,12,22,1.45855367,243.53791809,1.18745518,0.59106261,0.54160875,0.62688369,0.46464393,0.18070744,0.18876509,-0.05766795,-0.07928967
39.703129,-7.748782,32960.86,3942.3,10,12,27,2.14393497,245.35980225,1.7399174,0.79807371,0.71974671,0.98201048,1.01663363,0.30477229,0.09631418,-0.05065977,-0.11320033
39.703129,-7.748782,32960.86,3942.3,10,12,32,1.88593113,248.94393921,1.61260748,0.62083316,0.69818401,0.86572254,0.88275963,0.22204202,0.35952598,-0.05396121,-0.0688687
39.703129,-7.748782,32960.86,3942.3,10,12,37,1.69363773,258.24041748,1.52424109,0.31730899,0.64836973,0.45193422,0.57292145,0.15065618,0.11459426,-0.03612717,-0.00151305
39.703129,-7.748782,32960.86,3942.3,10,12,42,2.08171701,252.76914978,1.8031553,0.55923402,0.82460833,0.98789436,0.96758902,0.31768289,0.12321457,-0.11015531,-0.03708925
39.703129,-7.748782,32960.86,3942.3,10,12,47,2.50061607,247.34817505,2.16220999,0.90233684,0.90044123,1.50343955,1.15053666,0.47239834,0.51913303,-0.0045765,-0.10760573
39.703129,-7.748782,32960.86,3942.3,10,12,52,2.44604135,247.51794434,2.05388522,0.84999353,0.88110328,1.59340847,1.44885969,0.42342854,0.53275418,-0.02740564,0.01587568
39.703129,-7.748782,32960.86,3942.3,10,12,57,2.16177154,249.07525635,1.81674767,0.69464779,0.80039817,1.08748662,1.39484286,0.29017815,0.41188446,-0.06896169,-0.09422687
39.703129,-7.748782,32960.86,3942.3,10,13,2,2.30207324,241.63825989,1.88116848,1.01552117,0.76383883,1.53728664,1.1052928,0.4864957,0.60242528,-0.07464426,-0.1187145
39.703129,-7.748782,32960.86,3942.3,10,13,7,1.66472638,248.51123047,1.41122937,0.55557871,0.61895388,0.41346481,0.56054175,0.14481798,0.09229186,-0.03830342,-0.02136378
39.703129,-7.748782,32960.86,3942.3,10,13,12,1.7166642,241.13807678,1.35902667,0.74904507,0.61010963,0.67289269,0.66449738,0.20107193,0.07591923,-0.0197491,-0.09334262
39.703129,-7.748782,32960.86,3942.3,10,13,17,1.71358013,247.22257996,1.46227229,0.61400449,0.67932755,0.53876996,0.54036266,0.1350269,0.14621235,-0.0138652,0.0277227
39.703129,-7.748782,32960.86,3942.3,10,13,22,1.39377439,270.34454346,1.31300688,-0.00789584,0.63710552,0.44201109,0.24434169,0.10484032,-0.12973957,-0.02563478,0.02266091
39.703129,-7.748782,32960.86,3942.3,10,13,27,1.43290222,250.52763367,1.27405334,0.45047438,0.58923805,0.32609132,0.30007207,0.09575656,0.08756328,-0.01378889,0.00203741
39.703129,-7.748782,32960.86,3942.3,10,13,32,1.46205914,245.71463013,1.16309166,0.52479875,0.43134713,0.65911478,0.48862511,0.16469936,-0.05352319,-0.06307999,-0.06718753
39.703129,-7.748782,32960.86,3942.3,10,13,37,1.53352165,242.79360962,1.2662276,0.65093106,0.48599055,0.35651723,0.55293936,0.12986018,0.15840347,-0.03755759,-0.00047231
39.703129,-7.748782,32960.86,3942.3,10,13,42,1.16168118,252.99876404,1.05481517,0.32251421,0.48827848,0.23097919,0.16149719,0.06003499,0.03979743,-0.01853442,0.00065922
39.703129,-7.748782,32960.86,3942.3,10,13,47,1.39644575,248.89291382,1.22435403,0.47261283,0.50944018,0.20222291,0.26301613,0.08948522,0.00344242,-0.02003434,-0.0323887
39.703129,-7.748782,32960.86,3942.3,10,13,52,NaN,NaN,NaN,NaN,NaN,NaN,NaN,NaN,NaN,NaN,NaN
39.703129,-7.748782,32960.86,3942.3,10,13,57,NaN,NaN,NaN,NaN,NaN,NaN,NaN,NaN,NaN,NaN,NaN
39.703129,-7.748782,32960.86,3942.3,10,14,2,NaN,NaN,NaN,NaN,NaN,NaN,NaN,NaN,NaN,NaN,NaN
39.703129,-7.748782,32960.86,3942.3,10,14,7,NaN,NaN,NaN,NaN,NaN,NaN,NaN,NaN,NaN,NaN,NaN
39.703129,-7.748782,32960.86,3942.3,10,14,12,NaN,NaN,NaN,NaN,NaN,NaN,NaN,NaN,NaN,NaN,NaN
39.703129,-7.748782,32960.86,3942.3,10,14,17,NaN,NaN,NaN,NaN,NaN,NaN,NaN,NaN,NaN,NaN,NaN
39.703129,-7.748782,32960.86,3942.3,10,14,22,NaN,NaN,NaN,NaN,NaN,NaN,NaN,NaN,NaN,NaN,NaN
39.703129,-7.748782,32960.86,3942.3,10,14,28,NaN,NaN,NaN,NaN,NaN,NaN,NaN,NaN,NaN,NaN,NaN
39.703129,-7.748782,32960.86,3942.3,10,14,33,NaN,NaN,NaN,NaN,NaN,NaN,NaN,NaN,NaN,NaN,NaN
39.703129,-7.748782,32960.86,3942.3,10,14,38,NaN,NaN,NaN,NaN,NaN,NaN,NaN,NaN,NaN,NaN,NaN
39.703129,-7.748782,32960.86,3942.3,10,14,43,NaN,NaN,NaN,NaN,NaN,NaN,NaN,NaN,NaN,NaN,NaN
39.703129,-7.748782,32960.86,3942.3,10,14,48,NaN,NaN,NaN,NaN,NaN,NaN,NaN,NaN,NaN,NaN,NaN
39.703129,-7.748782,32960.86,3942.3,10,14,53,NaN,NaN,NaN,NaN,NaN,NaN,NaN,NaN,NaN,NaN,NaN
39.703129,-7.748782,32960.86,3942.3,10,14,58,NaN,NaN,NaN,NaN,NaN,NaN,NaN,NaN,NaN,NaN,NaN
39.703129,-7.748782,32960.86,3942.3,10,15,3,NaN,NaN,NaN,NaN,NaN,NaN,NaN,NaN,NaN,NaN,NaN
39.703129,-7.748782,32960.86,3942.3,10,15,8,NaN,NaN,NaN,NaN,NaN,NaN,NaN,NaN,NaN,NaN,NaN
39.703129,-7.748782,32960.86,3942.3,10,15,13,NaN,NaN,NaN,NaN,NaN,NaN,NaN,NaN,NaN,NaN,NaN
39.703129,-7.748782,32960.86,3942.3,10,15,18,NaN,NaN,NaN,NaN,NaN,NaN,NaN,NaN,NaN,NaN,NaN
39.703129,-7.748782,32960.86,3942.3,10,15,23,NaN,NaN,NaN,NaN,NaN,NaN,NaN,NaN,NaN,NaN,NaN
39.703129,-7.748782,32960.86,3942.3,10,15,28,NaN,NaN,NaN,NaN,NaN,NaN,NaN,NaN,NaN,NaN,NaN
39.703129,-7.748782,32960.86,3942.3,10,15,33,NaN,NaN,NaN,NaN,NaN,NaN,NaN,NaN,NaN,NaN,NaN
39.703129,-7.748782,32960.86,3942.3,10,15,38,NaN,NaN,NaN,NaN,NaN,NaN,NaN,NaN,NaN,NaN,NaN
39.703129,-7.748782,32960.86,3942.3,10,15,43,NaN,NaN,NaN,NaN,NaN,NaN,NaN,NaN,NaN,NaN,NaN
39.703129,-7.748782,32960.86,3942.3,10,15,48,NaN,NaN,NaN,NaN,NaN,NaN,NaN,NaN,NaN,NaN,NaN
39.703129,-7.748782,32960.86,3942.3,10,15,53,NaN,NaN,NaN,NaN,NaN,NaN,NaN,NaN,NaN,NaN,NaN
39.703129,-7.748782,32960.86,3942.3,10,15,58,NaN,NaN,NaN,NaN,NaN,NaN,NaN,NaN,NaN,NaN,NaN
39.703129,-7.748782,32960.86,3942.3,10,16,3,NaN,NaN,NaN,NaN,NaN,NaN,NaN,NaN,NaN,NaN,NaN
39.703129,-7.748782,32960.86,3942.3,10,16,8,NaN,NaN,NaN,NaN,NaN,NaN,NaN,NaN,NaN,NaN,NaN
39.703129,-7.748782,32960.86,3942.3,10,16,13,NaN,NaN,NaN,NaN,NaN,NaN,NaN,NaN,NaN,NaN,NaN
39.703129,-7.748782,32960.86,3942.3,10,16,18,NaN,NaN,NaN,NaN,NaN,NaN,NaN,NaN,NaN,NaN,NaN
39.703129,-7.748782,32960.86,3942.3,10,16,23,NaN,NaN,NaN,NaN,NaN,NaN,NaN,NaN,NaN,NaN,NaN
39.703129,-7.748782,32960.86,3942.3,10,16,28,NaN,NaN,NaN,NaN,NaN,NaN,NaN,NaN,NaN,NaN,NaN
39.703129,-7.748782,32960.86,3942.3,10,16,33,NaN,NaN,NaN,NaN,NaN,NaN,NaN,NaN,NaN,NaN,NaN
39.703129,-7.748782,32960.86,3942.3,10,16,38,NaN,NaN,NaN,NaN,NaN,NaN,NaN,NaN,NaN,NaN,NaN
39.703129,-7.748782,32960.86,3942.3,10,16,43,NaN,NaN,NaN,NaN,NaN,NaN,NaN,NaN,NaN,NaN,NaN
39.703129,-7.748782,32960.86,3942.3,10,16,48,NaN,NaN,NaN,NaN,NaN,NaN,NaN,NaN,NaN,NaN,NaN
39.703129,-7.748782,32960.86,3942.3,10,16,53,NaN,NaN,NaN,NaN,NaN,NaN,NaN,NaN,NaN,NaN,NaN
39.703129,-7.748782,32960.86,3942.3,10,16,58,NaN,NaN,NaN,NaN,NaN,NaN,NaN,NaN,NaN,NaN,NaN
39.703129,-7.748782,32960.86,3942.3,10,17,3,NaN,NaN,NaN,NaN,NaN,NaN,NaN,NaN,NaN,NaN,NaN
39.703129,-7.748782,32960.86,3942.3,10,17,8,NaN,NaN,NaN,NaN,NaN,NaN,NaN,NaN,NaN,NaN,NaN
39.703129,-7.748782,32960.86,3942.3,10,17,13,NaN,NaN,NaN,NaN,NaN,NaN,NaN,NaN,NaN,NaN,NaN
39.703129,-7.748782,32960.86,3942.3,10,17,18,NaN,NaN,NaN,NaN,NaN,NaN,NaN,NaN,NaN,NaN,NaN
39.703129,-7.748782,32960.86,3942.3,10,17,23,NaN,NaN,NaN,NaN,NaN,NaN,NaN,NaN,NaN,NaN,NaN
39.703129,-7.748782,32960.86,3942.3,10,17,28,NaN,NaN,NaN,NaN,NaN,NaN,NaN,NaN,NaN,NaN,NaN
39.703129,-7.748782,32960.86,3942.3,10,17,33,NaN,NaN,NaN,NaN,NaN,NaN,NaN,NaN,NaN,NaN,NaN
39.703129,-7.748782,32960.86,3942.3,10,17,38,NaN,NaN,NaN,NaN,NaN,NaN,NaN,NaN,NaN,NaN,NaN
39.703129,-7.748782,32960.86,3942.3,10,17,43,NaN,NaN,NaN,NaN,NaN,NaN,NaN,NaN,NaN,NaN,NaN
39.703129,-7.748782,32960.86,3942.3,10,17,48,NaN,NaN,NaN,NaN,NaN,NaN,NaN,NaN,NaN,NaN,NaN
39.703129,-7.748782,32960.86,3942.3,10,17,53,NaN,NaN,NaN,NaN,NaN,NaN,NaN,NaN,NaN,NaN,NaN
39.703129,-7.748782,32960.86,3942.3,10,17,58,NaN,NaN,NaN,NaN,NaN,NaN,NaN,NaN,NaN,NaN,NaN
39.703129,-7.748782,32960.86,3942.3,10,18,3,NaN,NaN,NaN,NaN,NaN,NaN,NaN,NaN,NaN,NaN,NaN
39.703129,-7.748782,32960.86,3942.3,10,18,8,NaN,NaN,NaN,NaN,NaN,NaN,NaN,NaN,NaN,NaN,NaN
39.703129,-7.748782,32960.86,3942.3,10,18,13,NaN,NaN,NaN,NaN,NaN,NaN,NaN,NaN,NaN,NaN,NaN
39.703129,-7.748782,32960.86,3942.3,10,18,18,NaN,NaN,NaN,NaN,NaN,NaN,NaN,NaN,NaN,NaN,NaN
39.703129,-7.748782,32960.86,3942.3,10,18,23,NaN,NaN,NaN,NaN,NaN,NaN,NaN,NaN,NaN,NaN,NaN
39.703129,-7.748782,32960.86,3942.3,10,18,28,NaN,NaN,NaN,NaN,NaN,NaN,NaN,NaN,NaN,NaN,NaN
39.703129,-7.748782,32960.86,3942.3,10,18,33,NaN,NaN,NaN,NaN,NaN,NaN,NaN,NaN,NaN,NaN,NaN
39.703129,-7.748782,32960.86,3942.3,10,18,38,NaN,NaN,NaN,NaN,NaN,NaN,NaN,NaN,NaN,NaN,NaN
39.703129,-7.748782,32960.86,3942.3,10,18,43,NaN,NaN,NaN,NaN,NaN,NaN,NaN,NaN,NaN,NaN,NaN
39.703129,-7.748782,32960.86,3942.3,10,18,48,NaN,NaN,NaN,NaN,NaN,NaN,NaN,NaN,NaN,NaN,NaN
39.703129,-7.748782,32960.86,3942.3,10,18,53,NaN,NaN,NaN,NaN,NaN,NaN,NaN,NaN,NaN,NaN,NaN
39.703129,-7.748782,32960.86,3942.3,10,18,58,NaN,NaN,NaN,NaN,NaN,NaN,NaN,NaN,NaN,NaN,NaN
39.703129,-7.748782,32960.86,3942.3,10,19,3,NaN,NaN,NaN,NaN,NaN,NaN,NaN,NaN,NaN,NaN,NaN
39.703129,-7.748782,32960.86,3942.3,10,19,8,NaN,NaN,NaN,NaN,NaN,NaN,NaN,NaN,NaN,NaN,NaN
39.703129,-7.748782,32960.86,3942.3,10,19,14,NaN,NaN,NaN,NaN,NaN,NaN,NaN,NaN,NaN,NaN,NaN
39.703129,-7.748782,32960.86,3942.3,10,19,19,NaN,NaN,NaN,NaN,NaN,NaN,NaN,NaN,NaN,NaN,NaN
39.703129,-7.748782,32960.86,3942.3,10,19,24,NaN,NaN,NaN,NaN,NaN,NaN,NaN,NaN,NaN,NaN,NaN
39.703129,-7.748782,32960.86,3942.3,10,19,29,NaN,NaN,NaN,NaN,NaN,NaN,NaN,NaN,NaN,NaN,NaN
39.703129,-7.748782,32960.86,3942.3,10,19,34,NaN,NaN,NaN,NaN,NaN,NaN,NaN,NaN,NaN,NaN,NaN
39.703129,-7.748782,32960.86,3942.3,10,19,39,NaN,NaN,NaN,NaN,NaN,NaN,NaN,NaN,NaN,NaN,NaN
39.703129,-7.748782,32960.86,3942.3,10,19,44,NaN,NaN,NaN,NaN,NaN,NaN,NaN,NaN,NaN,NaN,NaN
39.703129,-7.748782,32960.86,3942.3,10,19,49,NaN,NaN,NaN,NaN,NaN,NaN,NaN,NaN,NaN,NaN,NaN
39.703129,-7.748782,32960.86,3942.3,10,19,54,NaN,NaN,NaN,NaN,NaN,NaN,NaN,NaN,NaN,NaN,NaN
39.703129,-7.748782,32960.86,3942.3,10,19,59,NaN,NaN,NaN,NaN,NaN,NaN,NaN,NaN,NaN,NaN,NaN
39.703129,-7.748782,32960.86,3942.3,10,20,4,NaN,NaN,NaN,NaN,NaN,NaN,NaN,NaN,NaN,NaN,NaN
39.703129,-7.748782,32960.86,3942.3,10,20,9,NaN,NaN,NaN,NaN,NaN,NaN,NaN,NaN,NaN,NaN,NaN
39.703129,-7.748782,32960.86,3942.3,10,20,14,NaN,NaN,NaN,NaN,NaN,NaN,NaN,NaN,NaN,NaN,NaN
39.703129,-7.748782,32960.86,3942.3,10,20,19,NaN,NaN,NaN,NaN,NaN,NaN,NaN,NaN,NaN,NaN,NaN
39.703129,-7.748782,32960.86,3942.3,10,20,24,NaN,NaN,NaN,NaN,NaN,NaN,NaN,NaN,NaN,NaN,NaN
39.703129,-7.748782,32960.86,3942.3,10,20,29,NaN,NaN,NaN,NaN,NaN,NaN,NaN,NaN,NaN,NaN,NaN
39.703129,-7.748782,32960.86,3942.3,10,20,34,NaN,NaN,NaN,NaN,NaN,NaN,NaN,NaN,NaN,NaN,NaN
39.703129,-7.748782,32960.86,3942.3,10,20,39,NaN,NaN,NaN,NaN,NaN,NaN,NaN,NaN,NaN,NaN,NaN
39.703129,-7.748782,32960.86,3942.3,10,20,44,NaN,NaN,NaN,NaN,NaN,NaN,NaN,NaN,NaN,NaN,NaN
39.703129,-7.748782,32960.86,3942.3,10,20,49,NaN,NaN,NaN,NaN,NaN,NaN,NaN,NaN,NaN,NaN,NaN
39.703129,-7.748782,32960.86,3942.3,10,20,54,NaN,NaN,NaN,NaN,NaN,NaN,NaN,NaN,NaN,NaN,NaN
39.703129,-7.748782,32960.86,3942.3,10,20,59,NaN,NaN,NaN,NaN,NaN,NaN,NaN,NaN,NaN,NaN,NaN
39.703129,-7.748782,32960.86,3942.3,10,21,4,NaN,NaN,NaN,NaN,NaN,NaN,NaN,NaN,NaN,NaN,NaN
39.703129,-7.748782,32960.86,3942.3,10,21,9,NaN,NaN,NaN,NaN,NaN,NaN,NaN,NaN,NaN,NaN,NaN
39.703129,-7.748782,32960.86,3942.3,10,21,14,NaN,NaN,NaN,NaN,NaN,NaN,NaN,NaN,NaN,NaN,NaN
39.703129,-7.748782,32960.86,3942.3,10,21,19,NaN,NaN,NaN,NaN,NaN,NaN,NaN,NaN,NaN,NaN,NaN
39.703129,-7.748782,32960.86,3942.3,10,21,24,NaN,NaN,NaN,NaN,NaN,NaN,NaN,NaN,NaN,NaN,NaN
39.703129,-7.748782,32960.86,3942.3,10,21,29,NaN,NaN,NaN,NaN,NaN,NaN,NaN,NaN,NaN,NaN,NaN
39.703129,-7.748782,32960.86,3942.3,10,21,34,NaN,NaN,NaN,NaN,NaN,NaN,NaN,NaN,NaN,NaN,NaN
39.703129,-7.748782,32960.86,3942.3,10,21,39,NaN,NaN,NaN,NaN,NaN,NaN,NaN,NaN,NaN,NaN,NaN
39.703129,-7.748782,32960.86,3942.3,10,21,44,NaN,NaN,NaN,NaN,NaN,NaN,NaN,NaN,NaN,NaN,NaN
39.703129,-7.748782,32960.86,3942.3,10,21,49,NaN,NaN,NaN,NaN,NaN,NaN,NaN,NaN,NaN,NaN,NaN
39.703129,-7.748782,32960.86,3942.3,10,21,54,NaN,NaN,NaN,NaN,NaN,NaN,NaN,NaN,NaN,NaN,NaN
39.703129,-7.748782,32960.86,3942.3,10,21,59,NaN,NaN,NaN,NaN,NaN,NaN,NaN,NaN,NaN,NaN,NaN
39.703129,-7.748782,32960.86,3942.3,10,22,4,NaN,NaN,NaN,NaN,NaN,NaN,NaN,NaN,NaN,NaN,NaN
39.703129,-7.748782,32960.86,3942.3,10,22,9,NaN,NaN,NaN,NaN,NaN,NaN,NaN,NaN,NaN,NaN,NaN
39.703129,-7.748782,32960.86,3942.3,10,22,14,NaN,NaN,NaN,NaN,NaN,NaN,NaN,NaN,NaN,NaN,NaN
39.703129,-7.748782,32960.86,3942.3,10,22,19,NaN,NaN,NaN,NaN,NaN,NaN,NaN,NaN,NaN,NaN,NaN
39.703129,-7.748782,32960.86,3942.3,10,22,24,NaN,NaN,NaN,NaN,NaN,NaN,NaN,NaN,NaN,NaN,NaN
39.703129,-7.748782,32960.86,3942.3,10,22,29,NaN,NaN,NaN,NaN,NaN,NaN,NaN,NaN,NaN,NaN,NaN
39.703129,-7.748782,32960.86,3942.3,10,22,34,NaN,NaN,NaN,NaN,NaN,NaN,NaN,NaN,NaN,NaN,NaN
39.703129,-7.748782,32960.86,3942.3,10,22,39,NaN,NaN,NaN,NaN,NaN,NaN,NaN,NaN,NaN,NaN,NaN
39.703129,-7.748782,32960.86,3942.3,10,22,44,NaN,NaN,NaN,NaN,NaN,NaN,NaN,NaN,NaN,NaN,NaN
39.703129,-7.748782,32960.86,3942.3,10,22,49,NaN,NaN,NaN,NaN,NaN,NaN,NaN,NaN,NaN,NaN,NaN
39.703129,-7.748782,32960.86,3942.3,10,22,54,NaN,NaN,NaN,NaN,NaN,NaN,NaN,NaN,NaN,NaN,NaN
39.703129,-7.748782,32960.86,3942.3,10,22,59,NaN,NaN,NaN,NaN,NaN,NaN,NaN,NaN,NaN,NaN,NaN
39.703129,-7.748782,32960.86,3942.3,10,23,4,NaN,NaN,NaN,NaN,NaN,NaN,NaN,NaN,NaN,NaN,NaN
39.703129,-7.748782,32960.86,3942.3,10,23,9,NaN,NaN,NaN,NaN,NaN,NaN,NaN,NaN,NaN,NaN,NaN
39.703129,-7.748782,32960.86,3942.3,10,23,14,NaN,NaN,NaN,NaN,NaN,NaN,NaN,NaN,NaN,NaN,NaN
39.703129,-7.748782,32960.86,3942.3,10,23,19,NaN,NaN,NaN,NaN,NaN,NaN,NaN,NaN,NaN,NaN,NaN
39.703129,-7.748782,32960.86,3942.3,10,23,24,NaN,NaN,NaN,NaN,NaN,NaN,NaN,NaN,NaN,NaN,NaN
39.703129,-7.748782,32960.86,3942.3,10,23,29,NaN,NaN,NaN,NaN,NaN,NaN,NaN,NaN,NaN,NaN,NaN
39.703129,-7.748782,32960.86,3942.3,10,23,34,NaN,NaN,NaN,NaN,NaN,NaN,NaN,NaN,NaN,NaN,NaN
39.703129,-7.748782,32960.86,3942.3,10,23,39,NaN,NaN,NaN,NaN,NaN,NaN,NaN,NaN,NaN,NaN,NaN
39.703129,-7.748782,32960.86,3942.3,10,23,44,NaN,NaN,NaN,NaN,NaN,NaN,NaN,NaN,NaN,NaN,NaN
39.703129,-7.748782,32960.86,3942.3,10,23,49,NaN,NaN,NaN,NaN,NaN,NaN,NaN,NaN,NaN,NaN,NaN
39.703129,-7.748782,32960.86,3942.3,10,23,54,NaN,NaN,NaN,NaN,NaN,NaN,NaN,NaN,NaN,NaN,NaN
39.703129,-7.748782,32960.86,3942.3,11,0,0,NaN,NaN,NaN,NaN,NaN,NaN,NaN,NaN,NaN,NaN,NaN
